-- phpMyAdmin SQL Dump
-- version 4.1.4
-- http://www.phpmyadmin.net
--
-- Host: 127.0.0.1
-- Generation Time: Aug 26, 2016 at 12:15 PM
-- Server version: 5.6.15-log
-- PHP Version: 5.4.24

SET SQL_MODE = "NO_AUTO_VALUE_ON_ZERO";
SET time_zone = "+00:00";


/*!40101 SET @OLD_CHARACTER_SET_CLIENT=@@CHARACTER_SET_CLIENT */;
/*!40101 SET @OLD_CHARACTER_SET_RESULTS=@@CHARACTER_SET_RESULTS */;
/*!40101 SET @OLD_COLLATION_CONNECTION=@@COLLATION_CONNECTION */;
/*!40101 SET NAMES utf8 */;

--
-- Database: `synergy_db`
--

-- --------------------------------------------------------

--
-- Table structure for table `tblanswers`
--

CREATE TABLE IF NOT EXISTS `tblanswers` (
  `id` int(11) NOT NULL AUTO_INCREMENT,
  `answer` text COLLATE utf8_unicode_ci NOT NULL,
  `answerkey` varchar(5) COLLATE utf8_unicode_ci NOT NULL,
  `answernumerickey` int(11) NOT NULL,
  `redirectquestionid` int(11) NOT NULL DEFAULT '0',
  `questionid` int(11) NOT NULL,
  `created_on` timestamp NOT NULL DEFAULT CURRENT_TIMESTAMP,
  `created_by` int(11) NOT NULL,
  PRIMARY KEY (`id`)
) ENGINE=MyISAM DEFAULT CHARSET=utf8 COLLATE=utf8_unicode_ci AUTO_INCREMENT=1 ;

-- --------------------------------------------------------

--
-- Table structure for table `tblblock`
--

CREATE TABLE IF NOT EXISTS `tblblock` (
  `id` int(11) NOT NULL AUTO_INCREMENT,
  `state_id` int(11) NOT NULL,
  `district_id` int(11) NOT NULL,
  `block_name` varchar(100) COLLATE utf8_unicode_ci DEFAULT NULL,
  `created_by` int(11) NOT NULL,
  `created_on` timestamp NOT NULL DEFAULT CURRENT_TIMESTAMP,
  PRIMARY KEY (`id`)
) ENGINE=MyISAM  DEFAULT CHARSET=utf8 COLLATE=utf8_unicode_ci AUTO_INCREMENT=70 ;

--
-- Dumping data for table `tblblock`
--

INSERT INTO `tblblock` (`id`, `state_id`, `district_id`, `block_name`, `created_by`, `created_on`) VALUES
(5, 14, 8, 'Gharaunda', 5, '2015-07-09 06:37:06'),
(6, 14, 8, 'Indri', 5, '2015-07-09 06:37:07'),
(7, 14, 8, 'Nilokheri', 5, '2015-07-09 06:37:07'),
(8, 14, 8, 'Assandh', 93, '2015-07-21 16:37:06'),
(9, 14, 8, 'Nissing', 93, '2015-07-21 16:37:06'),
(10, 14, 8, 'Karnal', 93, '2015-07-21 16:37:07'),
(11, 5, 7, 'Vaishali', 93, '2015-07-21 16:37:09'),
(12, 5, 7, 'Raghopur', 93, '2015-07-21 16:37:09'),
(13, 5, 7, 'Rajapakar', 93, '2015-07-21 16:37:10'),
(14, 5, 7, 'Garaul', 93, '2015-07-21 16:37:11'),
(15, 5, 7, 'Hajipur', 93, '2015-07-21 16:37:12'),
(16, 5, 7, 'Patedhi Belser', 93, '2015-07-21 16:37:13'),
(17, 5, 7, 'Bhagwanpur', 93, '2015-07-21 16:37:13'),
(18, 5, 7, 'Chehrakala', 93, '2015-07-21 16:37:14'),
(19, 5, 7, 'Sahadai Buzurg', 93, '2015-07-21 16:37:14'),
(20, 5, 7, 'Lalganj', 93, '2015-07-21 16:37:14'),
(21, 5, 7, 'Mahanar', 93, '2015-07-21 16:37:15'),
(22, 5, 7, 'Mahua', 93, '2015-07-21 16:37:15'),
(23, 5, 7, 'Patepur', 93, '2015-07-21 16:37:15'),
(24, 5, 7, 'Bidupur', 93, '2015-07-21 16:37:15'),
(25, 5, 7, 'Jandaha', 93, '2015-07-21 16:37:16'),
(26, 34, 9, 'Turab Nagar', 129, '2015-09-04 17:39:46'),
(27, 34, 10, 'B_Meerut', 129, '2015-09-21 09:39:16'),
(28, 34, 20, 'B-', 129, '2015-09-21 09:39:19'),
(29, 22, 11, 'Bishnupur', 111, '2015-09-23 09:39:45'),
(30, 22, 11, 'Moirang', 111, '2015-09-23 09:39:45'),
(31, 22, 11, 'Nambol', 111, '2015-09-23 09:39:45'),
(32, 22, 13, 'Chakpikarong', 111, '2015-09-23 09:39:46'),
(33, 22, 13, 'Chandel', 111, '2015-09-23 09:39:46'),
(34, 22, 13, 'Machi', 111, '2015-09-23 09:39:46'),
(35, 22, 13, 'Tengnoupal', 111, '2015-09-23 09:39:47'),
(36, 22, 12, 'Churachandpur', 111, '2015-09-23 09:39:47'),
(37, 22, 12, 'Churachandpur North', 111, '2015-09-23 09:39:47'),
(38, 22, 12, 'Singngat', 111, '2015-09-23 09:39:47'),
(39, 22, 12, 'Thanlon', 111, '2015-09-23 09:39:48'),
(40, 22, 12, 'Tipaimukh', 111, '2015-09-23 09:39:48'),
(41, 22, 14, 'Jiribam', 111, '2015-09-23 09:39:48'),
(42, 22, 14, 'Keirao Bitra', 111, '2015-09-23 09:39:49'),
(43, 22, 14, 'Porompat', 111, '2015-09-23 09:39:49'),
(44, 22, 14, 'Sawombung', 111, '2015-09-23 09:39:49'),
(45, 22, 19, 'Lamphelpat', 111, '2015-09-23 09:39:49'),
(46, 22, 19, 'Lamshang', 111, '2015-09-23 09:39:50'),
(47, 22, 19, 'Patsoi', 111, '2015-09-23 09:39:50'),
(48, 22, 19, 'Wangoi', 111, '2015-09-23 09:39:50'),
(49, 22, 15, 'Mao-Maram', 111, '2015-09-23 09:39:50'),
(50, 22, 15, 'Paomata', 111, '2015-09-23 09:39:51'),
(51, 22, 15, 'Purul', 111, '2015-09-23 09:39:51'),
(52, 22, 15, 'Sadar Hills East', 111, '2015-09-23 09:39:51'),
(53, 22, 15, 'Sadar Hills West', 111, '2015-09-23 09:39:51'),
(54, 22, 15, 'Saitu-Gamphazol', 111, '2015-09-23 09:39:52'),
(55, 22, 16, 'Nungba', 111, '2015-09-23 09:39:52'),
(56, 22, 16, 'Tamenglong', 111, '2015-09-23 09:39:52'),
(57, 22, 16, 'Tamenglong North', 111, '2015-09-23 09:39:52'),
(58, 22, 16, 'Tamenglong West', 111, '2015-09-23 09:39:53'),
(59, 22, 17, 'Kakching', 111, '2015-09-23 09:39:53'),
(60, 22, 17, 'Lilong', 111, '2015-09-23 09:39:53'),
(61, 22, 17, 'Thoubal', 111, '2015-09-23 09:39:54'),
(62, 22, 18, 'Kamjong-Chassad', 111, '2015-09-23 09:39:57'),
(63, 22, 18, 'Phungyar-Phaisat', 111, '2015-09-23 09:39:57'),
(64, 22, 18, 'Ukhrul North', 111, '2015-09-23 09:39:58'),
(65, 22, 18, 'Ukhrul South', 111, '2015-09-23 09:39:58'),
(66, 22, 18, 'Ukhurl Central', 111, '2015-09-23 09:39:58'),
(69, 13, 24, 'Dhami - Halog', 1, '2016-08-15 18:32:06');

-- --------------------------------------------------------

--
-- Table structure for table `tblcampaign`
--

CREATE TABLE IF NOT EXISTS `tblcampaign` (
  `id` int(11) NOT NULL AUTO_INCREMENT,
  `survey_id` int(11) NOT NULL,
  `start_date` date NOT NULL,
  `end_date` date NOT NULL,
  `agents_assoc` text COLLATE utf8_unicode_ci NOT NULL,
  `created_by` int(11) NOT NULL,
  `created_on` timestamp NOT NULL DEFAULT CURRENT_TIMESTAMP,
  PRIMARY KEY (`id`)
) ENGINE=MyISAM  DEFAULT CHARSET=utf8 COLLATE=utf8_unicode_ci AUTO_INCREMENT=5 ;

--
-- Dumping data for table `tblcampaign`
--

INSERT INTO `tblcampaign` (`id`, `survey_id`, `start_date`, `end_date`, `agents_assoc`, `created_by`, `created_on`) VALUES
(1, 2, '2016-08-16', '2016-09-05', '3,5,9,8', 1, '2016-08-10 10:07:41'),
(2, 2, '2016-07-31', '2016-08-10', '9,8', 1, '2016-08-10 10:08:59'),
(3, 1, '2016-09-01', '2016-09-04', '9', 1, '2016-08-10 10:09:50'),
(4, 2, '2016-06-29', '2016-08-10', '3,5', 1, '2016-08-10 11:22:15');

-- --------------------------------------------------------

--
-- Table structure for table `tblcity`
--

CREATE TABLE IF NOT EXISTS `tblcity` (
  `id` int(11) NOT NULL AUTO_INCREMENT,
  `CreatedBy` int(11) NOT NULL,
  `CreatedOn` timestamp NOT NULL DEFAULT CURRENT_TIMESTAMP,
  `Name` varchar(255) COLLATE utf8_unicode_ci NOT NULL,
  `State` int(11) NOT NULL,
  PRIMARY KEY (`id`)
) ENGINE=MyISAM  DEFAULT CHARSET=utf8 COLLATE=utf8_unicode_ci AUTO_INCREMENT=1001 ;

--
-- Dumping data for table `tblcity`
--

INSERT INTO `tblcity` (`id`, `CreatedBy`, `CreatedOn`, `Name`, `State`) VALUES
(1, 1, '2015-01-01 22:42:13', 'Port Blair', 1),
(2, 1, '2015-01-01 22:42:13', 'Adilabad', 2),
(3, 1, '2015-01-01 22:42:13', 'Adoni', 2),
(4, 1, '2015-01-01 22:42:13', 'Alwal', 2),
(5, 1, '2015-01-01 22:42:13', 'Anakapalle', 2),
(6, 1, '2015-01-01 22:42:13', 'Anantapur', 2),
(7, 1, '2015-01-01 22:42:13', 'Bapatla', 2),
(8, 1, '2015-01-01 22:42:13', 'Belampalli', 2),
(9, 1, '2015-01-01 22:42:13', 'Bhimavaram', 2),
(10, 1, '2015-01-01 22:42:13', 'Bhongir', 2),
(11, 1, '2015-01-01 22:42:13', 'Bobbili', 2),
(12, 1, '2015-01-01 22:42:13', 'Bodhan', 2),
(13, 1, '2015-01-01 22:42:13', 'Chilakalurupet', 2),
(14, 1, '2015-01-01 22:42:13', 'Chinna Chawk', 2),
(15, 1, '2015-01-01 22:42:13', 'Chirala', 2),
(16, 1, '2015-01-01 22:42:13', 'Chittur', 2),
(17, 1, '2015-01-01 22:42:13', 'Cuddapah', 2),
(18, 1, '2015-01-01 22:42:13', 'Dharmavaram', 2),
(19, 1, '2015-01-01 22:42:13', 'Dhone', 2),
(20, 1, '2015-01-01 22:42:13', 'Eluru', 2),
(21, 1, '2015-01-01 22:42:13', 'Gaddiannaram', 2),
(22, 1, '2015-01-01 22:42:13', 'Gadwal', 2),
(23, 1, '2015-01-01 22:42:13', 'Gajuwaka', 2),
(24, 1, '2015-01-01 22:42:13', 'Gudivada', 2),
(25, 1, '2015-01-01 22:42:13', 'Gudur', 2),
(26, 1, '2015-01-01 22:42:13', 'Guntakal', 2),
(27, 1, '2015-01-01 22:42:13', 'Guntur', 2),
(28, 1, '2015-01-01 22:42:13', 'Hindupur', 2),
(29, 1, '2015-01-01 22:42:13', 'Hyderabad', 2),
(30, 1, '2015-01-01 22:42:13', 'Jagtial', 2),
(31, 1, '2015-01-01 22:42:13', 'Kadiri', 2),
(32, 1, '2015-01-01 22:42:13', 'Kagaznagar', 2),
(33, 1, '2015-01-01 22:42:13', 'Kakinada', 2),
(34, 1, '2015-01-01 22:42:13', 'Kallur', 2),
(35, 1, '2015-01-01 22:42:13', 'Kamareddi', 2),
(36, 1, '2015-01-01 22:42:13', 'Kapra', 2),
(37, 1, '2015-01-01 22:42:13', 'Karimnagar', 2),
(38, 1, '2015-01-01 22:42:13', 'Karnul', 2),
(39, 1, '2015-01-01 22:42:13', 'Kavali', 2),
(40, 1, '2015-01-01 22:42:13', 'Khammam', 2),
(41, 1, '2015-01-01 22:42:13', 'Kodar', 2),
(42, 1, '2015-01-01 22:42:13', 'Kondukur', 2),
(43, 1, '2015-01-01 22:42:13', 'Koratla', 2),
(44, 1, '2015-01-01 22:42:13', 'Kottagudem', 2),
(45, 1, '2015-01-01 22:42:13', 'Kukatpalle', 2),
(46, 1, '2015-01-01 22:42:13', 'Lalbahadur Nagar', 2),
(47, 1, '2015-01-01 22:42:13', 'Machilipatnam', 2),
(48, 1, '2015-01-01 22:42:13', 'Mahbubnagar', 2),
(49, 1, '2015-01-01 22:42:13', 'Malkajgiri', 2),
(50, 1, '2015-01-01 22:42:13', 'Mancheral', 2),
(51, 1, '2015-01-01 22:42:13', 'Mandamarri', 2),
(52, 1, '2015-01-01 22:42:13', 'Mangalagiri', 2),
(53, 1, '2015-01-01 22:42:13', 'Markapur', 2),
(54, 1, '2015-01-01 22:42:13', 'Miryalaguda', 2),
(55, 1, '2015-01-01 22:42:13', 'Nalgonda', 2),
(56, 1, '2015-01-01 22:42:13', 'Nandyal', 2),
(57, 1, '2015-01-01 22:42:13', 'Narasapur', 2),
(58, 1, '2015-01-01 22:42:13', 'Narasaraopet', 2),
(59, 1, '2015-01-01 22:42:13', 'Nellur', 2),
(60, 1, '2015-01-01 22:42:13', 'Nirmal', 2),
(61, 1, '2015-01-01 22:42:13', 'Nizamabad', 2),
(62, 1, '2015-01-01 22:42:13', 'Nuzvid', 2),
(63, 1, '2015-01-01 22:42:13', 'Ongole', 2),
(64, 1, '2015-01-01 22:42:13', 'Palakollu', 2),
(65, 1, '2015-01-01 22:42:13', 'Palasa', 2),
(66, 1, '2015-01-01 22:42:13', 'Palwancha', 2),
(67, 1, '2015-01-01 22:42:13', 'Patancheru', 2),
(68, 1, '2015-01-01 22:42:13', 'Piduguralla', 2),
(69, 1, '2015-01-01 22:42:13', 'Ponnur', 2),
(70, 1, '2015-01-01 22:42:13', 'Proddatur', 2),
(71, 1, '2015-01-01 22:42:13', 'Qutubullapur', 2),
(72, 1, '2015-01-01 22:42:13', 'Rajamahendri', 2),
(73, 1, '2015-01-01 22:42:13', 'Rajampet', 2),
(74, 1, '2015-01-01 22:42:13', 'Rajendranagar', 2),
(75, 1, '2015-01-01 22:42:13', 'Ramachandrapuram', 2),
(76, 1, '2015-01-01 22:42:13', 'Ramagundam', 2),
(77, 1, '2015-01-01 22:42:13', 'Rayachoti', 2),
(78, 1, '2015-01-01 22:42:13', 'Rayadrug', 2),
(79, 1, '2015-01-01 22:42:13', 'Samalkot', 2),
(80, 1, '2015-01-01 22:42:13', 'Sangareddi', 2),
(81, 1, '2015-01-01 22:42:13', 'Sattenapalle', 2),
(82, 1, '2015-01-01 22:42:13', 'Serilungampalle', 2),
(83, 1, '2015-01-01 22:42:13', 'Siddipet', 2),
(84, 1, '2015-01-01 22:42:13', 'Sikandarabad', 2),
(85, 1, '2015-01-01 22:42:13', 'Sirsilla', 2),
(86, 1, '2015-01-01 22:42:13', 'Srikakulam', 2),
(87, 1, '2015-01-01 22:42:13', 'Srikalahasti', 2),
(88, 1, '2015-01-01 22:42:13', 'Suriapet', 2),
(89, 1, '2015-01-01 22:42:13', 'Tadepalle', 2),
(90, 1, '2015-01-01 22:42:13', 'Tadepallegudem', 2),
(91, 1, '2015-01-01 22:42:13', 'Tadpatri', 2),
(92, 1, '2015-01-01 22:42:13', 'Tandur', 2),
(93, 1, '2015-01-01 22:42:13', 'Tanuku', 2),
(94, 1, '2015-01-01 22:42:13', 'Tenali', 2),
(95, 1, '2015-01-01 22:42:13', 'Tirupati', 2),
(96, 1, '2015-01-01 22:42:13', 'Tuni', 2),
(97, 1, '2015-01-01 22:42:13', 'Uppal Kalan', 2),
(98, 1, '2015-01-01 22:42:13', 'Vijayawada', 2),
(99, 1, '2015-01-01 22:42:13', 'Vinukonda', 2),
(100, 1, '2015-01-01 22:42:13', 'Visakhapatnam', 2),
(101, 1, '2015-01-01 22:42:13', 'Vizianagaram', 2),
(102, 1, '2015-01-01 22:42:13', 'Vuyyuru', 2),
(103, 1, '2015-01-01 22:42:13', 'Wanparti', 2),
(104, 1, '2015-01-01 22:42:13', 'Warangal', 2),
(105, 1, '2015-01-01 22:42:13', 'Yemmiganur', 2),
(106, 1, '2015-01-01 22:42:13', 'Itanagar', 3),
(107, 1, '2015-01-01 22:42:13', 'Barpeta', 4),
(108, 1, '2015-01-01 22:42:13', 'Bongaigaon', 4),
(109, 1, '2015-01-01 22:42:13', 'Dhuburi', 4),
(110, 1, '2015-01-01 22:42:13', 'Dibrugarh', 4),
(111, 1, '2015-01-01 22:42:13', 'Diphu', 4),
(112, 1, '2015-01-01 22:42:13', 'Guwahati', 4),
(113, 1, '2015-01-01 22:42:13', 'Jorhat', 4),
(114, 1, '2015-01-01 22:42:13', 'Karimganj', 4),
(115, 1, '2015-01-01 22:42:13', 'Lakhimpur', 4),
(116, 1, '2015-01-01 22:42:13', 'Lanka', 4),
(117, 1, '2015-01-01 22:42:13', 'Nagaon', 4),
(118, 1, '2015-01-01 22:42:13', 'Sibsagar', 4),
(119, 1, '2015-01-01 22:42:13', 'Silchar', 4),
(120, 1, '2015-01-01 22:42:13', 'Tezpur', 4),
(121, 1, '2015-01-01 22:42:13', 'Tinsukia', 4),
(122, 1, '2015-01-01 22:42:13', 'Alipur Duar', 35),
(123, 1, '2015-01-01 22:42:13', 'Arambagh', 35),
(124, 1, '2015-01-01 22:42:13', 'Asansol', 35),
(125, 1, '2015-01-01 22:42:13', 'Ashoknagar Kalyangarh', 35),
(126, 1, '2015-01-01 22:42:13', 'Baharampur', 35),
(127, 1, '2015-01-01 22:42:13', 'Baidyabati', 35),
(128, 1, '2015-01-01 22:42:13', 'Baj Baj', 35),
(129, 1, '2015-01-01 22:42:13', 'Bally', 35),
(130, 1, '2015-01-01 22:42:13', 'Bally Cantonment', 35),
(131, 1, '2015-01-01 22:42:13', 'Balurghat', 35),
(132, 1, '2015-01-01 22:42:13', 'Bangaon', 35),
(133, 1, '2015-01-01 22:42:13', 'Bankra', 35),
(134, 1, '2015-01-01 22:42:13', 'Bankura', 35),
(135, 1, '2015-01-01 22:42:13', 'Bansbaria', 35),
(136, 1, '2015-01-01 22:42:13', 'Baranagar', 35),
(137, 1, '2015-01-01 22:42:13', 'Barddhaman', 35),
(138, 1, '2015-01-01 22:42:13', 'Basirhat', 35),
(139, 1, '2015-01-01 22:42:13', 'Bhadreswar', 35),
(140, 1, '2015-01-01 22:42:13', 'Bhatpara', 35),
(141, 1, '2015-01-01 22:42:13', 'Bidhannagar', 35),
(142, 1, '2015-01-01 22:42:13', 'Binnaguri', 35),
(143, 1, '2015-01-01 22:42:13', 'Bishnupur', 35),
(144, 1, '2015-01-01 22:42:13', 'Bolpur', 35),
(145, 1, '2015-01-01 22:42:13', 'Calcutta', 35),
(146, 1, '2015-01-01 22:42:13', 'Chakdaha', 35),
(147, 1, '2015-01-01 22:42:13', 'Champdani', 35),
(148, 1, '2015-01-01 22:42:13', 'Chandannagar', 35),
(149, 1, '2015-01-01 22:42:13', 'Contai', 35),
(150, 1, '2015-01-01 22:42:13', 'Dabgram', 35),
(151, 1, '2015-01-01 22:42:13', 'Darjiling', 35),
(152, 1, '2015-01-01 22:42:13', 'Dhulian', 35),
(153, 1, '2015-01-01 22:42:13', 'Dinhata', 35),
(154, 1, '2015-01-01 22:42:13', 'Dum Dum', 35),
(155, 1, '2015-01-01 22:42:13', 'Durgapur', 35),
(156, 1, '2015-01-01 22:42:13', 'Gangarampur', 35),
(157, 1, '2015-01-01 22:42:13', 'Garulia', 35),
(158, 1, '2015-01-01 22:42:13', 'Gayespur', 35),
(159, 1, '2015-01-01 22:42:13', 'Ghatal', 35),
(160, 1, '2015-01-01 22:42:13', 'Gopalpur', 35),
(161, 1, '2015-01-01 22:42:13', 'Habra', 35),
(162, 1, '2015-01-01 22:42:13', 'Halisahar', 35),
(163, 1, '2015-01-01 22:42:13', 'Haora', 35),
(164, 1, '2015-01-01 22:42:13', 'HugliChunchura', 35),
(165, 1, '2015-01-01 22:42:13', 'Ingraj Bazar', 35),
(166, 1, '2015-01-01 22:42:13', 'Islampur', 35),
(167, 1, '2015-01-01 22:42:13', 'Jalpaiguri', 35),
(168, 1, '2015-01-01 22:42:13', 'Jamuria', 35),
(169, 1, '2015-01-01 22:42:13', 'Jangipur', 35),
(170, 1, '2015-01-01 22:42:13', 'Jhargram', 35),
(171, 1, '2015-01-01 22:42:13', 'Kaliyaganj', 35),
(172, 1, '2015-01-01 22:42:13', 'Kalna', 35),
(173, 1, '2015-01-01 22:42:13', 'Kalyani', 35),
(174, 1, '2015-01-01 22:42:13', 'Kamarhati', 35),
(175, 1, '2015-01-01 22:42:13', 'Kanchrapara', 35),
(176, 1, '2015-01-01 22:42:13', 'Kandi', 35),
(177, 1, '2015-01-01 22:42:13', 'Karsiyang', 35),
(178, 1, '2015-01-01 22:42:13', 'Katwa', 35),
(179, 1, '2015-01-01 22:42:13', 'Kharagpur', 35),
(180, 1, '2015-01-01 22:42:13', 'Kharagpur Railway Settlement', 35),
(181, 1, '2015-01-01 22:42:13', 'Khardaha', 35),
(182, 1, '2015-01-01 22:42:13', 'Kharia', 35),
(183, 1, '2015-01-01 22:42:13', 'Koch 5', 35),
(184, 1, '2015-01-01 22:42:13', 'Konnagar', 35),
(185, 1, '2015-01-01 22:42:13', 'Krishnanagar', 35),
(186, 1, '2015-01-01 22:42:13', 'Kulti', 35),
(187, 1, '2015-01-01 22:42:13', 'Madhyamgram', 35),
(188, 1, '2015-01-01 22:42:13', 'Maheshtala', 35),
(189, 1, '2015-01-01 22:42:13', 'Memari', 35),
(190, 1, '2015-01-01 22:42:13', 'Midnapur', 35),
(191, 1, '2015-01-01 22:42:13', 'Naihati', 35),
(192, 1, '2015-01-01 22:42:13', 'Navadwip', 35),
(193, 1, '2015-01-01 22:42:13', 'Ni Barakpur', 35),
(194, 1, '2015-01-01 22:42:13', 'North Barakpur', 35),
(195, 1, '2015-01-01 22:42:13', 'North Dum Dum', 35),
(196, 1, '2015-01-01 22:42:13', 'Old Maldah', 35),
(197, 1, '2015-01-01 22:42:13', 'Panihati', 35),
(198, 1, '2015-01-01 22:42:13', 'Phulia', 35),
(199, 1, '2015-01-01 22:42:13', 'Pujali', 35),
(200, 1, '2015-01-01 22:42:13', 'Puruliya', 35),
(201, 1, '2015-01-01 22:42:13', 'Raiganj', 35),
(202, 1, '2015-01-01 22:42:13', 'Rajpur', 35),
(203, 1, '2015-01-01 22:42:13', 'Rampur Hat', 35),
(204, 1, '2015-01-01 22:42:13', 'Ranaghat', 35),
(205, 1, '2015-01-01 22:42:13', 'Raniganj', 35),
(206, 1, '2015-01-01 22:42:13', 'Rishra', 35),
(207, 1, '2015-01-01 22:42:13', 'Shantipur', 35),
(208, 1, '2015-01-01 22:42:13', 'Shiliguri', 35),
(209, 1, '2015-01-01 22:42:13', 'Shrirampur', 35),
(210, 1, '2015-01-01 22:42:13', 'Siuri', 35),
(211, 1, '2015-01-01 22:42:13', 'South Dum Dum', 35),
(212, 1, '2015-01-01 22:42:13', 'Titagarh', 35),
(213, 1, '2015-01-01 22:42:13', 'Ulubaria', 35),
(214, 1, '2015-01-01 22:42:13', 'UttarparaKotrung', 35),
(215, 1, '2015-01-01 22:42:13', 'Araria', 5),
(216, 1, '2015-01-01 22:42:13', 'Arrah', 5),
(217, 1, '2015-01-01 22:42:13', 'Aurangabad', 5),
(218, 1, '2015-01-01 22:42:13', 'Bagaha', 5),
(219, 1, '2015-01-01 22:42:13', 'Begusarai', 5),
(220, 1, '2015-01-01 22:42:13', 'Bettiah', 5),
(221, 1, '2015-01-01 22:42:13', 'Bhabua', 5),
(222, 1, '2015-01-01 22:42:13', 'Bhagalpur', 5),
(223, 1, '2015-01-01 22:42:13', '5', 5),
(224, 1, '2015-01-01 22:42:13', 'Buxar', 5),
(225, 1, '2015-01-01 22:42:13', 'Chhapra', 5),
(226, 1, '2015-01-01 22:42:13', 'Darbhanga', 5),
(227, 1, '2015-01-01 22:42:13', 'Dehri', 5),
(228, 1, '2015-01-01 22:42:13', 'DighaMainpura', 5),
(229, 1, '2015-01-01 22:42:13', 'Dinapur', 5),
(230, 1, '2015-01-01 22:42:13', 'Dumraon', 5),
(231, 1, '2015-01-01 22:42:13', 'Gaya', 5),
(232, 1, '2015-01-01 22:42:13', 'Gopalganj', 5),
(233, 1, '2015-01-01 22:42:13', 'Goura', 5),
(234, 1, '2015-01-01 22:42:13', 'Hajipur', 5),
(235, 1, '2015-01-01 22:42:13', 'Jahanabad', 5),
(236, 1, '2015-01-01 22:42:13', 'Jamalpur', 5),
(237, 1, '2015-01-01 22:42:13', 'Jamui', 5),
(238, 1, '2015-01-01 22:42:13', 'Katihar', 5),
(239, 1, '2015-01-01 22:42:13', 'Khagaria', 5),
(240, 1, '2015-01-01 22:42:13', 'Khagaul', 5),
(241, 1, '2015-01-01 22:42:13', 'Kishanganj', 5),
(242, 1, '2015-01-01 22:42:13', 'Lakhisarai', 5),
(243, 1, '2015-01-01 22:42:13', 'Madhipura', 5),
(244, 1, '2015-01-01 22:42:13', 'Madhubani', 5),
(245, 1, '2015-01-01 22:42:13', 'Masaurhi', 5),
(246, 1, '2015-01-01 22:42:13', 'Mokama', 5),
(247, 1, '2015-01-01 22:42:13', 'Motihari', 5),
(248, 1, '2015-01-01 22:42:13', 'Munger', 5),
(249, 1, '2015-01-01 22:42:13', 'Muzaffarpur', 5),
(250, 1, '2015-01-01 22:42:13', 'Nawada', 5),
(251, 1, '2015-01-01 22:42:13', 'Patna', 5),
(252, 1, '2015-01-01 22:42:13', 'Phulwari', 5),
(253, 1, '2015-01-01 22:42:13', 'Purnia', 5),
(254, 1, '2015-01-01 22:42:13', 'Raxaul', 5),
(255, 1, '2015-01-01 22:42:13', 'Saharsa', 5),
(256, 1, '2015-01-01 22:42:13', 'Samastipur', 5),
(257, 1, '2015-01-01 22:42:13', 'Sasaram', 5),
(258, 1, '2015-01-01 22:42:13', 'Sitamarhi', 5),
(259, 1, '2015-01-01 22:42:13', 'Siwan', 5),
(260, 1, '2015-01-01 22:42:13', 'Supaul', 5),
(261, 1, '2015-01-01 22:42:13', 'Chandigarh', 7),
(262, 1, '2015-01-01 22:42:13', 'Ambikapur', 6),
(263, 1, '2015-01-01 22:42:13', 'Bhilai', 6),
(264, 1, '2015-01-01 22:42:13', 'Bilaspur', 6),
(265, 1, '2015-01-01 22:42:13', 'Charoda', 6),
(266, 1, '2015-01-01 22:42:13', 'Chirmiri', 6),
(267, 1, '2015-01-01 22:42:13', 'Dhamtari', 6),
(268, 1, '2015-01-01 22:42:13', 'Durg', 6),
(269, 1, '2015-01-01 22:42:13', 'Jagdalpur', 6),
(270, 1, '2015-01-01 22:42:13', 'Korba', 6),
(271, 1, '2015-01-01 22:42:13', 'Raigarh', 6),
(272, 1, '2015-01-01 22:42:13', 'Raipur', 6),
(273, 1, '2015-01-01 22:42:13', 'Rajnandgaon', 6),
(274, 1, '2015-01-01 22:42:13', 'Bhalswa Jahangirpur', 9),
(275, 1, '2015-01-01 22:42:13', 'Burari', 9),
(276, 1, '2015-01-01 22:42:13', 'Chilla Saroda Bangar', 9),
(277, 1, '2015-01-01 22:42:13', 'Dallo Pura', 9),
(278, 1, '2015-01-01 22:42:13', '9', 9),
(279, 1, '2015-01-01 22:42:13', 'Deoli', 9),
(280, 1, '2015-01-01 22:42:13', 'Dilli Cantonment', 9),
(281, 1, '2015-01-01 22:42:13', 'Gharoli', 9),
(282, 1, '2015-01-01 22:42:13', 'Gokalpur', 9),
(283, 1, '2015-01-01 22:42:13', 'Hastsal', 9),
(284, 1, '2015-01-01 22:42:13', 'Jaffrabad', 9),
(285, 1, '2015-01-01 22:42:13', 'Karawal Nagar', 9),
(286, 1, '2015-01-01 22:42:13', 'Khajuri Khas', 9),
(287, 1, '2015-01-01 22:42:13', 'Kirari Suleman Nagar', 9),
(288, 1, '2015-01-01 22:42:13', 'Mandoli', 9),
(289, 1, '2015-01-01 22:42:13', 'Mithe Pur', 9),
(290, 1, '2015-01-01 22:42:13', 'Molarband', 9),
(291, 1, '2015-01-01 22:42:13', 'Mundka', 9),
(292, 1, '2015-01-01 22:42:13', 'Mustafabad', 9),
(293, 1, '2015-01-01 22:42:13', 'Nangloi Jat', 9),
(294, 1, '2015-01-01 22:42:13', 'Ni Dilli', 9),
(295, 1, '2015-01-01 22:42:13', 'Pul Pehlad', 9),
(296, 1, '2015-01-01 22:42:13', 'Puth Kalan', 9),
(297, 1, '2015-01-01 22:42:13', 'Roshan Pura', 9),
(298, 1, '2015-01-01 22:42:13', 'Sadat Pur Gujran', 9),
(299, 1, '2015-01-01 22:42:13', 'Sultanpur Majra', 9),
(300, 1, '2015-01-01 22:42:13', 'Tajpul', 9),
(301, 1, '2015-01-01 22:42:13', 'Tigri', 9),
(302, 1, '2015-01-01 22:42:13', 'Ziauddin Pur', 9),
(303, 1, '2015-01-01 22:42:13', 'Madgaon', 11),
(304, 1, '2015-01-01 22:42:13', 'Mormugao', 11),
(305, 1, '2015-01-01 22:42:13', 'Panaji', 11),
(306, 1, '2015-01-01 22:42:13', 'Ahmadabad', 12),
(307, 1, '2015-01-01 22:42:13', 'Amreli', 12),
(308, 1, '2015-01-01 22:42:13', 'Anand', 12),
(309, 1, '2015-01-01 22:42:13', 'Anjar', 12),
(310, 1, '2015-01-01 22:42:13', 'Bardoli', 12),
(311, 1, '2015-01-01 22:42:13', 'Bharuch', 12),
(312, 1, '2015-01-01 22:42:13', 'Bhavnagar', 12),
(313, 1, '2015-01-01 22:42:13', 'Bhuj', 12),
(314, 1, '2015-01-01 22:42:13', 'Borsad', 12),
(315, 1, '2015-01-01 22:42:13', 'Botad', 12),
(316, 1, '2015-01-01 22:42:13', 'Chandkheda', 12),
(317, 1, '2015-01-01 22:42:13', 'Chandlodiya', 12),
(318, 1, '2015-01-01 22:42:13', 'Dabhoi', 12),
(319, 1, '2015-01-01 22:42:13', 'Dahod', 12),
(320, 1, '2015-01-01 22:42:13', 'Dholka', 12),
(321, 1, '2015-01-01 22:42:13', 'Dhoraji', 12),
(322, 1, '2015-01-01 22:42:13', 'Dhrangadhra', 12),
(323, 1, '2015-01-01 22:42:13', 'Disa', 12),
(324, 1, '2015-01-01 22:42:13', 'Gandhidham', 12),
(325, 1, '2015-01-01 22:42:13', 'Gandhinagar', 12),
(326, 1, '2015-01-01 22:42:13', 'Ghatlodiya', 12),
(327, 1, '2015-01-01 22:42:13', 'Godhra', 12),
(328, 1, '2015-01-01 22:42:13', 'Gondal', 12),
(329, 1, '2015-01-01 22:42:13', 'Himatnagar', 12),
(330, 1, '2015-01-01 22:42:13', 'Jamnagar', 12),
(331, 1, '2015-01-01 22:42:13', 'Jamnagar', 12),
(332, 1, '2015-01-01 22:42:13', 'Jetpur', 12),
(333, 1, '2015-01-01 22:42:13', 'Junagadh', 12),
(334, 1, '2015-01-01 22:42:13', 'Kalol', 12),
(335, 1, '2015-01-01 22:42:13', 'Keshod', 12),
(336, 1, '2015-01-01 22:42:13', 'Khambhat', 12),
(337, 1, '2015-01-01 22:42:13', 'Kundla', 12),
(338, 1, '2015-01-01 22:42:13', 'Mahuva', 12),
(339, 1, '2015-01-01 22:42:13', 'Mangrol', 12),
(340, 1, '2015-01-01 22:42:13', 'Modasa', 12),
(341, 1, '2015-01-01 22:42:13', 'Morvi', 12),
(342, 1, '2015-01-01 22:42:13', 'Nadiad', 12),
(343, 1, '2015-01-01 22:42:13', 'Navagam Ghed', 12),
(344, 1, '2015-01-01 22:42:13', 'Navsari', 12),
(345, 1, '2015-01-01 22:42:13', 'Palitana', 12),
(346, 1, '2015-01-01 22:42:13', 'Patan', 12),
(347, 1, '2015-01-01 22:42:13', 'Porbandar', 12),
(348, 1, '2015-01-01 22:42:13', 'Puna', 12),
(349, 1, '2015-01-01 22:42:13', 'Rajkot', 12),
(350, 1, '2015-01-01 22:42:13', 'Ramod', 12),
(351, 1, '2015-01-01 22:42:13', 'Ranip', 12),
(352, 1, '2015-01-01 22:42:13', 'Siddhapur', 12),
(353, 1, '2015-01-01 22:42:13', 'Sihor', 12),
(354, 1, '2015-01-01 22:42:13', 'Surat', 12),
(355, 1, '2015-01-01 22:42:13', 'Surendranagar', 12),
(356, 1, '2015-01-01 22:42:13', 'Thaltej', 12),
(357, 1, '2015-01-01 22:42:13', 'Una', 12),
(358, 1, '2015-01-01 22:42:13', 'Unjha', 12),
(359, 1, '2015-01-01 22:42:13', 'Upleta', 12),
(360, 1, '2015-01-01 22:42:13', 'Vadodara', 12),
(361, 1, '2015-01-01 22:42:13', 'Valsad', 12),
(362, 1, '2015-01-01 22:42:13', 'Vapi', 12),
(363, 1, '2015-01-01 22:42:13', 'Vastral', 12),
(364, 1, '2015-01-01 22:42:13', 'Vejalpur', 12),
(365, 1, '2015-01-01 22:42:13', 'Veraval', 12),
(366, 1, '2015-01-01 22:42:13', 'Vijalpor', 12),
(367, 1, '2015-01-01 22:42:13', 'Visnagar', 12),
(368, 1, '2015-01-01 22:42:13', 'Wadhwan', 12),
(369, 1, '2015-01-01 22:42:13', 'Ambala', 14),
(370, 1, '2015-01-01 22:42:13', 'Ambala Cantonment', 14),
(371, 1, '2015-01-01 22:42:13', 'Ambala Sadar', 14),
(372, 1, '2015-01-01 22:42:13', 'Bahadurgarh', 14),
(373, 1, '2015-01-01 22:42:13', 'Bhiwani', 14),
(374, 1, '2015-01-01 22:42:13', 'Charkhi Dadri', 14),
(375, 1, '2015-01-01 22:42:13', 'Dabwali', 14),
(376, 1, '2015-01-01 22:42:13', 'Faridabad', 14),
(377, 1, '2015-01-01 22:42:13', 'Gohana', 14),
(378, 1, '2015-01-01 22:42:13', 'Hisar', 14),
(379, 1, '2015-01-01 22:42:13', 'Jagadhri', 14),
(380, 1, '2015-01-01 22:42:13', 'Jind', 14),
(381, 1, '2015-01-01 22:42:13', 'Kaithal', 14),
(382, 1, '2015-01-01 22:42:13', 'Karnal', 14),
(383, 1, '2015-01-01 22:42:13', 'Narnaul', 14),
(384, 1, '2015-01-01 22:42:13', 'Narwana', 14),
(385, 1, '2015-01-01 22:42:13', 'Palwal', 14),
(386, 1, '2015-01-01 22:42:13', 'Panchkula', 14),
(387, 1, '2015-01-01 22:42:13', 'Panipat', 14),
(388, 1, '2015-01-01 22:42:13', 'Rewari', 14),
(389, 1, '2015-01-01 22:42:13', 'Rohtak', 14),
(390, 1, '2015-01-01 22:42:13', 'Sirsa', 14),
(391, 1, '2015-01-01 22:42:13', 'Sonipat', 14),
(392, 1, '2015-01-01 22:42:13', 'Thanesar', 14),
(393, 1, '2015-01-01 22:42:13', 'Tohana', 14),
(394, 1, '2015-01-01 22:42:13', 'Yamunanagar', 14),
(395, 1, '2015-01-01 22:42:13', 'Shimla', 13),
(396, 1, '2015-01-01 22:42:13', 'Anantnag', 15),
(397, 1, '2015-01-01 22:42:13', 'Baramula', 15),
(398, 1, '2015-01-01 22:42:13', 'Bari Brahmana', 15),
(399, 1, '2015-01-01 22:42:13', 'Jammu', 15),
(400, 1, '2015-01-01 22:42:13', 'Kathua', 15),
(401, 1, '2015-01-01 22:42:13', 'Sopur', 15),
(402, 1, '2015-01-01 22:42:13', 'Srinagar', 15),
(403, 1, '2015-01-01 22:42:13', 'Udhampur', 15),
(404, 1, '2015-01-01 22:42:13', 'Adityapur', 16),
(405, 1, '2015-01-01 22:42:13', 'Bagbahra', 16),
(406, 1, '2015-01-01 22:42:13', 'Bhuli', 16),
(407, 1, '2015-01-01 22:42:13', 'Bokaro', 16),
(408, 1, '2015-01-01 22:42:13', 'Chaibasa', 16),
(409, 1, '2015-01-01 22:42:13', 'Chas', 16),
(410, 1, '2015-01-01 22:42:13', 'Daltenganj', 16),
(411, 1, '2015-01-01 22:42:13', 'Devghar', 16),
(412, 1, '2015-01-01 22:42:13', 'Dhanbad', 16),
(413, 1, '2015-01-01 22:42:13', 'Hazaribag', 16),
(414, 1, '2015-01-01 22:42:13', 'Jamshedpur', 16),
(415, 1, '2015-01-01 22:42:13', 'Jharia', 16),
(416, 1, '2015-01-01 22:42:13', 'Jhumri Tilaiya', 16),
(417, 1, '2015-01-01 22:42:13', 'Jorapokhar', 16),
(418, 1, '2015-01-01 22:42:13', 'Katras', 16),
(419, 1, '2015-01-01 22:42:13', 'Lohardaga', 16),
(420, 1, '2015-01-01 22:42:13', 'Mango', 16),
(421, 1, '2015-01-01 22:42:13', 'Phusro', 16),
(422, 1, '2015-01-01 22:42:13', 'Ramgarh', 16),
(423, 1, '2015-01-01 22:42:13', 'Ranchi', 16),
(424, 1, '2015-01-01 22:42:13', 'Sahibganj', 16),
(425, 1, '2015-01-01 22:42:13', 'Saunda', 16),
(426, 1, '2015-01-01 22:42:13', 'Sindari', 16),
(427, 1, '2015-01-01 22:42:13', 'Bagalkot', 18),
(428, 1, '2015-01-01 22:42:13', 'Bangalore', 18),
(429, 1, '2015-01-01 22:42:13', 'Basavakalyan', 18),
(430, 1, '2015-01-01 22:42:13', 'Belgaum', 18),
(431, 1, '2015-01-01 22:42:13', 'Bellary', 18),
(432, 1, '2015-01-01 22:42:13', 'Bhadravati', 18),
(433, 1, '2015-01-01 22:42:13', 'Bidar', 18),
(434, 1, '2015-01-01 22:42:13', 'Bijapur', 18),
(435, 1, '2015-01-01 22:42:13', 'Bommanahalli', 18),
(436, 1, '2015-01-01 22:42:13', 'Byatarayanapura', 18),
(437, 1, '2015-01-01 22:42:13', 'Challakere', 18),
(438, 1, '2015-01-01 22:42:13', 'Chamrajnagar', 18),
(439, 1, '2015-01-01 22:42:13', 'Channapatna', 18),
(440, 1, '2015-01-01 22:42:13', 'Chik Ballapur', 18),
(441, 1, '2015-01-01 22:42:13', 'Chikmagalur', 18),
(442, 1, '2015-01-01 22:42:13', 'Chintamani', 18),
(443, 1, '2015-01-01 22:42:13', 'Chitradurga', 18),
(444, 1, '2015-01-01 22:42:13', 'Dasarahalli', 18),
(445, 1, '2015-01-01 22:42:13', 'Davanagere', 18),
(446, 1, '2015-01-01 22:42:13', 'Dod Ballapur', 18),
(447, 1, '2015-01-01 22:42:13', 'Gadag', 18),
(448, 1, '2015-01-01 22:42:13', 'Gangawati', 18),
(449, 1, '2015-01-01 22:42:13', 'Gokak', 18),
(450, 1, '2015-01-01 22:42:13', 'Gulbarga', 18),
(451, 1, '2015-01-01 22:42:13', 'Harihar', 18),
(452, 1, '2015-01-01 22:42:13', 'Hassan', 18),
(453, 1, '2015-01-01 22:42:13', 'Haveri', 18),
(454, 1, '2015-01-01 22:42:13', 'Hiriyur', 18),
(455, 1, '2015-01-01 22:42:13', 'Hosakote', 18),
(456, 1, '2015-01-01 22:42:13', 'Hospet', 18),
(457, 1, '2015-01-01 22:42:13', 'Hubli', 18),
(458, 1, '2015-01-01 22:42:13', 'Ilkal', 18),
(459, 1, '2015-01-01 22:42:13', 'Jamkhandi', 18),
(460, 1, '2015-01-01 22:42:13', 'Kanakapura', 18),
(461, 1, '2015-01-01 22:42:13', 'Karwar', 18),
(462, 1, '2015-01-01 22:42:13', 'Kolar', 18),
(463, 1, '2015-01-01 22:42:13', 'Kollegal', 18),
(464, 1, '2015-01-01 22:42:13', 'Koppal', 18),
(465, 1, '2015-01-01 22:42:13', 'Krishnarajapura', 18),
(466, 1, '2015-01-01 22:42:13', 'Mahadevapura', 18),
(467, 1, '2015-01-01 22:42:13', 'Maisuru', 18),
(468, 1, '2015-01-01 22:42:13', 'Mandya', 18),
(469, 1, '2015-01-01 22:42:13', 'Mangaluru', 18),
(470, 1, '2015-01-01 22:42:13', 'Nipani', 18),
(471, 1, '2015-01-01 22:42:13', 'Pattanagere', 18),
(472, 1, '2015-01-01 22:42:13', 'Puttur', 18),
(473, 1, '2015-01-01 22:42:13', 'Rabkavi', 18),
(474, 1, '2015-01-01 22:42:13', 'Raichur', 18),
(475, 1, '2015-01-01 22:42:13', 'Ramanagaram', 18),
(476, 1, '2015-01-01 22:42:13', 'Ranibennur', 18),
(477, 1, '2015-01-01 22:42:13', 'Robertsonpet', 18),
(478, 1, '2015-01-01 22:42:13', 'Sagar', 18),
(479, 1, '2015-01-01 22:42:13', 'Shahabad', 18),
(480, 1, '2015-01-01 22:42:13', 'Shahpur', 18),
(481, 1, '2015-01-01 22:42:13', 'Shimoga', 18),
(482, 1, '2015-01-01 22:42:13', 'Shorapur', 18),
(483, 1, '2015-01-01 22:42:13', 'Sidlaghatta', 18),
(484, 1, '2015-01-01 22:42:13', 'Sira', 18),
(485, 1, '2015-01-01 22:42:13', 'Sirsi', 18),
(486, 1, '2015-01-01 22:42:13', 'Tiptur', 18),
(487, 1, '2015-01-01 22:42:13', 'Tumkur', 18),
(488, 1, '2015-01-01 22:42:13', 'Udupi', 18),
(489, 1, '2015-01-01 22:42:13', 'Ullal', 18),
(490, 1, '2015-01-01 22:42:13', 'Yadgir', 18),
(491, 1, '2015-01-01 22:42:13', 'Yelahanka', 18),
(492, 1, '2015-01-01 22:42:13', 'Alappuzha', 17),
(493, 1, '2015-01-01 22:42:13', 'Beypur', 17),
(494, 1, '2015-01-01 22:42:13', 'Cheruvannur', 17),
(495, 1, '2015-01-01 22:42:13', 'Edakkara', 17),
(496, 1, '2015-01-01 22:42:13', 'Edathala', 17),
(497, 1, '2015-01-01 22:42:13', 'Kalamassery', 17),
(498, 1, '2015-01-01 22:42:13', 'Kannan Devan Hills', 17),
(499, 1, '2015-01-01 22:42:13', 'Kannangad', 17),
(500, 1, '2015-01-01 22:42:13', 'Kannur', 17),
(501, 1, '2015-01-01 22:42:13', 'Kayankulam', 17),
(502, 1, '2015-01-01 22:42:13', 'Kochi', 17),
(503, 1, '2015-01-01 22:42:13', 'Kollam', 17),
(504, 1, '2015-01-01 22:42:13', 'Kottayam', 17),
(505, 1, '2015-01-01 22:42:13', 'Koyilandi', 17),
(506, 1, '2015-01-01 22:42:13', 'Kozhikkod', 17),
(507, 1, '2015-01-01 22:42:13', 'Kunnamkulam', 17),
(508, 1, '2015-01-01 22:42:13', 'Malappuram', 17),
(509, 1, '2015-01-01 22:42:13', 'Manjeri', 17),
(510, 1, '2015-01-01 22:42:13', 'Nedumangad', 17),
(511, 1, '2015-01-01 22:42:13', 'Neyyattinkara', 17),
(512, 1, '2015-01-01 22:42:13', 'Palakkad', 17),
(513, 1, '2015-01-01 22:42:13', 'Pallichal', 17),
(514, 1, '2015-01-01 22:42:13', 'Payyannur', 17),
(515, 1, '2015-01-01 22:42:13', 'Ponnani', 17),
(516, 1, '2015-01-01 22:42:13', 'Talipparamba', 17),
(517, 1, '2015-01-01 22:42:13', 'Thalassery', 17),
(518, 1, '2015-01-01 22:42:13', 'Thiruvananthapuram', 17),
(519, 1, '2015-01-01 22:42:13', 'Thrippunithura', 17),
(520, 1, '2015-01-01 22:42:13', 'Thrissur', 17),
(521, 1, '2015-01-01 22:42:13', 'Tirur', 17),
(522, 1, '2015-01-01 22:42:13', 'Tiruvalla', 17),
(523, 1, '2015-01-01 22:42:13', 'Vadakara', 17),
(524, 1, '2015-01-01 22:42:13', 'Ashoknagar', 23),
(525, 1, '2015-01-01 22:42:13', 'Balaghat', 23),
(526, 1, '2015-01-01 22:42:13', 'Basoda', 23),
(527, 1, '2015-01-01 22:42:13', 'Betul', 23),
(528, 1, '2015-01-01 22:42:13', 'Bhind', 23),
(529, 1, '2015-01-01 22:42:13', 'Bhopal', 23),
(530, 1, '2015-01-01 22:42:13', 'BinaEtawa', 23),
(531, 1, '2015-01-01 22:42:13', 'Burhanpur', 23),
(532, 1, '2015-01-01 22:42:13', 'Chhatarpur', 23),
(533, 1, '2015-01-01 22:42:13', 'Chhindwara', 23),
(534, 1, '2015-01-01 22:42:13', 'Dabra', 23),
(535, 1, '2015-01-01 22:42:13', 'Damoh', 23),
(536, 1, '2015-01-01 22:42:13', 'Datia', 23),
(537, 1, '2015-01-01 22:42:13', 'Dewas', 23),
(538, 1, '2015-01-01 22:42:13', 'Dhar', 23),
(539, 1, '2015-01-01 22:42:13', 'Gohad', 23),
(540, 1, '2015-01-01 22:42:13', 'Guna', 23),
(541, 1, '2015-01-01 22:42:13', 'Gwalior', 23),
(542, 1, '2015-01-01 22:42:13', 'Harda', 23),
(543, 1, '2015-01-01 22:42:13', 'Hoshangabad', 23),
(544, 1, '2015-01-01 22:42:13', 'Indore', 23),
(545, 1, '2015-01-01 22:42:13', 'Itarsi', 23),
(546, 1, '2015-01-01 22:42:13', 'Jabalpur', 23),
(547, 1, '2015-01-01 22:42:13', 'Jabalpur Cantonment', 23),
(548, 1, '2015-01-01 22:42:13', 'Jaora', 23),
(549, 1, '2015-01-01 22:42:13', 'Khandwa', 23),
(550, 1, '2015-01-01 22:42:13', 'Khargone', 23),
(551, 1, '2015-01-01 22:42:13', 'Mandidip', 23),
(552, 1, '2015-01-01 22:42:13', 'Mandsaur', 23),
(553, 1, '2015-01-01 22:42:13', 'Mau', 23),
(554, 1, '2015-01-01 22:42:13', 'Morena', 23),
(555, 1, '2015-01-01 22:42:13', 'Murwara', 23),
(556, 1, '2015-01-01 22:42:13', 'Nagda', 23),
(557, 1, '2015-01-01 22:42:13', 'Nimach', 23),
(558, 1, '2015-01-01 22:42:13', 'Pithampur', 23),
(559, 1, '2015-01-01 22:42:13', 'Raghogarh', 23),
(560, 1, '2015-01-01 22:42:13', 'Ratlam', 23),
(561, 1, '2015-01-01 22:42:13', 'Rewa', 23),
(562, 1, '2015-01-01 22:42:13', 'Sagar', 23),
(563, 1, '2015-01-01 22:42:13', 'Sarni', 23),
(564, 1, '2015-01-01 22:42:13', 'Satna', 23),
(565, 1, '2015-01-01 22:42:13', 'Sehore', 23),
(566, 1, '2015-01-01 22:42:13', 'Sendhwa', 23),
(567, 1, '2015-01-01 22:42:13', 'Seoni', 23),
(568, 1, '2015-01-01 22:42:13', 'Shahdol', 23),
(569, 1, '2015-01-01 22:42:13', 'Shajapur', 23),
(570, 1, '2015-01-01 22:42:13', 'Sheopur', 23),
(571, 1, '2015-01-01 22:42:13', 'Shivapuri', 23),
(572, 1, '2015-01-01 22:42:13', 'Sidhi', 23),
(573, 1, '2015-01-01 22:42:13', 'Singrauli', 23),
(574, 1, '2015-01-01 22:42:13', 'Tikamgarh', 23),
(575, 1, '2015-01-01 22:42:13', 'Ujjain', 23),
(576, 1, '2015-01-01 22:42:13', 'Vidisha', 23),
(577, 1, '2015-01-01 22:42:13', 'Achalpur', 21),
(578, 1, '2015-01-01 22:42:13', 'Ahmadnagar', 21),
(579, 1, '2015-01-01 22:42:13', 'Akola', 21),
(580, 1, '2015-01-01 22:42:13', 'Akot', 21),
(581, 1, '2015-01-01 22:42:13', 'Amalner', 21),
(582, 1, '2015-01-01 22:42:13', 'Ambajogai', 21),
(583, 1, '2015-01-01 22:42:13', 'Amravati', 21),
(584, 1, '2015-01-01 22:42:13', 'Anjangaon', 21),
(585, 1, '2015-01-01 22:42:13', 'Aurangabad', 21),
(586, 1, '2015-01-01 22:42:13', 'Badlapur', 21),
(587, 1, '2015-01-01 22:42:13', 'Ballarpur', 21),
(588, 1, '2015-01-01 22:42:13', 'Baramati', 21),
(589, 1, '2015-01-01 22:42:13', 'Barsi', 21),
(590, 1, '2015-01-01 22:42:13', 'Basmat', 21),
(591, 1, '2015-01-01 22:42:13', 'Bhadravati', 21),
(592, 1, '2015-01-01 22:42:13', 'Bhandara', 21),
(593, 1, '2015-01-01 22:42:13', 'Bhiwandi', 21),
(594, 1, '2015-01-01 22:42:13', 'Bhusawal', 21),
(595, 1, '2015-01-01 22:42:13', 'Bid', 21),
(596, 1, '2015-01-01 22:42:13', 'Mumbai', 21),
(597, 1, '2015-01-01 22:42:13', 'Buldana', 21),
(598, 1, '2015-01-01 22:42:13', 'Chalisgaon', 21),
(599, 1, '2015-01-01 22:42:13', 'Chandrapur', 21),
(600, 1, '2015-01-01 22:42:13', 'Chikhli', 21),
(601, 1, '2015-01-01 22:42:13', 'Chiplun', 21),
(602, 1, '2015-01-01 22:42:13', 'Chopda', 21),
(603, 1, '2015-01-01 22:42:13', 'Dahanu', 21),
(604, 1, '2015-01-01 22:42:13', 'Deolali', 21),
(605, 1, '2015-01-01 22:42:13', 'Dhule', 21),
(606, 1, '2015-01-01 22:42:13', 'Digdoh', 21),
(607, 1, '2015-01-01 22:42:13', 'Diglur', 21),
(608, 1, '2015-01-01 22:42:13', 'Gadchiroli', 21),
(609, 1, '2015-01-01 22:42:13', 'Gondiya', 21),
(610, 1, '2015-01-01 22:42:13', 'Hinganghat', 21),
(611, 1, '2015-01-01 22:42:13', 'Hingoli', 21),
(612, 1, '2015-01-01 22:42:13', 'Ichalkaranji', 21),
(613, 1, '2015-01-01 22:42:13', 'Jalgaon', 21),
(614, 1, '2015-01-01 22:42:13', 'Jalna', 21),
(615, 1, '2015-01-01 22:42:13', 'Kalyan', 21),
(616, 1, '2015-01-01 22:42:13', 'Kamthi', 21),
(617, 1, '2015-01-01 22:42:13', 'Karanja', 21),
(618, 1, '2015-01-01 22:42:13', 'Khadki', 21),
(619, 1, '2015-01-01 22:42:13', 'Khamgaon', 21),
(620, 1, '2015-01-01 22:42:13', 'Khopoli', 21),
(621, 1, '2015-01-01 22:42:13', 'Kolhapur', 21),
(622, 1, '2015-01-01 22:42:13', 'Kopargaon', 21),
(623, 1, '2015-01-01 22:42:13', 'Latur', 21),
(624, 1, '2015-01-01 22:42:13', 'Lonavale', 21),
(625, 1, '2015-01-01 22:42:13', 'Malegaon', 21),
(626, 1, '2015-01-01 22:42:13', 'Malkapur', 21),
(627, 1, '2015-01-01 22:42:13', 'Manmad', 21),
(628, 1, '2015-01-01 22:42:13', 'Mira Bhayandar', 21),
(629, 1, '2015-01-01 22:42:13', 'Nagpur', 21),
(630, 1, '2015-01-01 22:42:13', 'Nalasopara', 21),
(631, 1, '2015-01-01 22:42:13', 'Nanded', 21),
(632, 1, '2015-01-01 22:42:13', 'Nandurbar', 21),
(633, 1, '2015-01-01 22:42:13', 'Nashik', 21),
(634, 1, '2015-01-01 22:42:13', 'Navghar', 21),
(635, 1, '2015-01-01 22:42:13', 'Navi Mumbai', 21),
(636, 1, '2015-01-01 22:42:13', 'Navi Mumbai', 21),
(637, 1, '2015-01-01 22:42:13', 'Osmanabad', 21),
(638, 1, '2015-01-01 22:42:13', 'Palghar', 21),
(639, 1, '2015-01-01 22:42:13', 'Pandharpur', 21),
(640, 1, '2015-01-01 22:42:13', 'Parbhani', 21),
(641, 1, '2015-01-01 22:42:13', 'Phaltan', 21),
(642, 1, '2015-01-01 22:42:13', 'Pimpri', 21),
(643, 1, '2015-01-01 22:42:13', 'Pune', 21),
(644, 1, '2015-01-01 22:42:13', 'Pune Cantonment', 21),
(645, 1, '2015-01-01 22:42:13', 'Pusad', 21),
(646, 1, '2015-01-01 22:42:13', 'Ratnagiri', 21),
(647, 1, '2015-01-01 22:42:13', 'SangliMiraj', 21),
(648, 1, '2015-01-01 22:42:13', 'Satara', 21),
(649, 1, '2015-01-01 22:42:13', 'Shahada', 21),
(650, 1, '2015-01-01 22:42:13', 'Shegaon', 21),
(651, 1, '2015-01-01 22:42:13', 'Shirpur', 21),
(652, 1, '2015-01-01 22:42:13', 'Sholapur', 21),
(653, 1, '2015-01-01 22:42:13', 'Shrirampur', 21),
(654, 1, '2015-01-01 22:42:13', 'Sillod', 21),
(655, 1, '2015-01-01 22:42:13', 'Thana', 21),
(656, 1, '2015-01-01 22:42:13', 'Udgir', 21),
(657, 1, '2015-01-01 22:42:13', 'Ulhasnagar', 21),
(658, 1, '2015-01-01 22:42:13', 'Uran Islampur', 21),
(659, 1, '2015-01-01 22:42:13', 'Vasai', 21),
(660, 1, '2015-01-01 22:42:13', 'Virar', 21),
(661, 1, '2015-01-01 22:42:13', 'Wadi', 21),
(662, 1, '2015-01-01 22:42:13', 'Wani', 21),
(663, 1, '2015-01-01 22:42:13', 'Wardha', 21),
(664, 1, '2015-01-01 22:42:13', 'Warud', 21),
(665, 1, '2015-01-01 22:42:13', 'Washim', 21),
(666, 1, '2015-01-01 22:42:13', 'Yavatmal', 21),
(667, 1, '2015-01-01 22:42:13', 'Imphal', 22),
(668, 1, '2015-01-01 22:42:13', 'Shillong', 20),
(669, 1, '2015-01-01 22:42:13', 'Tura', 20),
(670, 1, '2015-01-01 22:42:13', 'Aizawl', 24),
(671, 1, '2015-01-01 22:42:13', 'Lunglei', 24),
(672, 1, '2015-01-01 22:42:13', 'Dimapur', 25),
(673, 1, '2015-01-01 22:42:13', 'Kohima', 25),
(674, 1, '2015-01-01 22:42:13', 'Wokha', 25),
(675, 1, '2015-01-01 22:42:13', 'Balangir', 26),
(676, 1, '2015-01-01 22:42:13', 'Baleshwar', 26),
(677, 1, '2015-01-01 22:42:13', 'Barbil', 26),
(678, 1, '2015-01-01 22:42:13', 'Bargarh', 26),
(679, 1, '2015-01-01 22:42:13', 'Baripada', 26),
(680, 1, '2015-01-01 22:42:13', 'Bhadrak', 26),
(681, 1, '2015-01-01 22:42:13', 'Bhawanipatna', 26),
(682, 1, '2015-01-01 22:42:13', 'Bhubaneswar', 26),
(683, 1, '2015-01-01 22:42:13', 'Brahmapur', 26),
(684, 1, '2015-01-01 22:42:13', 'Brajrajnagar', 26),
(685, 1, '2015-01-01 22:42:13', 'Dhenkanal', 26),
(686, 1, '2015-01-01 22:42:13', 'Jaypur', 26),
(687, 1, '2015-01-01 22:42:13', 'Jharsuguda', 26),
(688, 1, '2015-01-01 22:42:13', 'Kataka', 26),
(689, 1, '2015-01-01 22:42:13', 'Kendujhar', 26),
(690, 1, '2015-01-01 22:42:13', 'Paradwip', 26),
(691, 1, '2015-01-01 22:42:13', 'Puri', 26),
(692, 1, '2015-01-01 22:42:13', 'Raurkela', 26),
(693, 1, '2015-01-01 22:42:13', 'Raurkela Industrial Township', 26),
(694, 1, '2015-01-01 22:42:13', 'Rayagada', 26),
(695, 1, '2015-01-01 22:42:13', 'Sambalpur', 26),
(696, 1, '2015-01-01 22:42:13', 'Sunabeda', 26),
(697, 1, '2015-01-01 22:42:13', 'Karaikal', 28),
(698, 1, '2015-01-01 22:42:13', 'Ozhukarai', 28),
(699, 1, '2015-01-01 22:42:13', '28', 28),
(700, 1, '2015-01-01 22:42:13', 'Abohar', 27),
(701, 1, '2015-01-01 22:42:13', 'Amritsar', 27),
(702, 1, '2015-01-01 22:42:13', 'Barnala', 27),
(703, 1, '2015-01-01 22:42:13', 'Batala', 27),
(704, 1, '2015-01-01 22:42:13', 'Bathinda', 27),
(705, 1, '2015-01-01 22:42:13', 'Dhuri', 27),
(706, 1, '2015-01-01 22:42:13', 'Faridkot', 27),
(707, 1, '2015-01-01 22:42:13', 'Fazilka', 27),
(708, 1, '2015-01-01 22:42:13', 'Firozpur', 27),
(709, 1, '2015-01-01 22:42:13', 'Firozpur Cantonment', 27),
(710, 1, '2015-01-01 22:42:13', 'Gobindgarh', 27),
(711, 1, '2015-01-01 22:42:13', 'Gurdaspur', 27),
(712, 1, '2015-01-01 22:42:13', 'Hoshiarpur', 27),
(713, 1, '2015-01-01 22:42:13', 'Jagraon', 27),
(714, 1, '2015-01-01 22:42:13', 'Jalandhar', 27),
(715, 1, '2015-01-01 22:42:13', 'Kapurthala', 27),
(716, 1, '2015-01-01 22:42:13', 'Khanna', 27),
(717, 1, '2015-01-01 22:42:13', 'Kot Kapura', 27),
(718, 1, '2015-01-01 22:42:13', 'Ludhiana', 27),
(719, 1, '2015-01-01 22:42:13', 'Malaut', 27),
(720, 1, '2015-01-01 22:42:13', 'Maler Kotla', 27),
(721, 1, '2015-01-01 22:42:13', 'Mansa', 27),
(722, 1, '2015-01-01 22:42:13', 'Moga', 27),
(723, 1, '2015-01-01 22:42:13', 'Mohali', 27),
(724, 1, '2015-01-01 22:42:13', 'Pathankot', 27),
(725, 1, '2015-01-01 22:42:13', 'Patiala', 27),
(726, 1, '2015-01-01 22:42:13', 'Phagwara', 27),
(727, 1, '2015-01-01 22:42:13', 'Rajpura', 27),
(728, 1, '2015-01-01 22:42:13', 'Rupnagar', 27),
(729, 1, '2015-01-01 22:42:13', 'Samana', 27),
(730, 1, '2015-01-01 22:42:13', 'Sangrur', 27),
(731, 1, '2015-01-01 22:42:13', 'Sirhind', 27),
(732, 1, '2015-01-01 22:42:13', 'Sunam', 27),
(733, 1, '2015-01-01 22:42:13', 'Tarn Taran', 27),
(734, 1, '2015-01-01 22:42:13', 'Ajmer', 29),
(735, 1, '2015-01-01 22:42:13', 'Alwar', 29),
(736, 1, '2015-01-01 22:42:13', 'Balotra', 29),
(737, 1, '2015-01-01 22:42:13', 'Banswara', 29),
(738, 1, '2015-01-01 22:42:13', 'Baran', 29),
(739, 1, '2015-01-01 22:42:13', 'Bari', 29),
(740, 1, '2015-01-01 22:42:13', 'Barmer', 29),
(741, 1, '2015-01-01 22:42:13', 'Beawar', 29),
(742, 1, '2015-01-01 22:42:13', 'Bharatpur', 29),
(743, 1, '2015-01-01 22:42:13', 'Bhilwara', 29),
(744, 1, '2015-01-01 22:42:13', 'Bhiwadi', 29),
(745, 1, '2015-01-01 22:42:13', 'Bikaner', 29),
(746, 1, '2015-01-01 22:42:13', 'Bundi', 29),
(747, 1, '2015-01-01 22:42:13', 'Chittaurgarh', 29),
(748, 1, '2015-01-01 22:42:13', 'Chomun', 29),
(749, 1, '2015-01-01 22:42:13', 'Churu', 29),
(750, 1, '2015-01-01 22:42:13', 'Daosa', 29),
(751, 1, '2015-01-01 22:42:13', 'Dhaulpur', 29),
(752, 1, '2015-01-01 22:42:13', 'Didwana', 29),
(753, 1, '2015-01-01 22:42:13', 'Fatehpur', 29),
(754, 1, '2015-01-01 22:42:13', 'Ganganagar', 29),
(755, 1, '2015-01-01 22:42:13', 'Gangapur', 29),
(756, 1, '2015-01-01 22:42:13', 'Hanumangarh', 29),
(757, 1, '2015-01-01 22:42:13', 'Hindaun', 29),
(758, 1, '2015-01-01 22:42:13', 'Jaipur', 29),
(759, 1, '2015-01-01 22:42:13', 'Jaisalmer', 29),
(760, 1, '2015-01-01 22:42:13', 'Jalor', 29),
(761, 1, '2015-01-01 22:42:13', 'Jhalawar', 29),
(762, 1, '2015-01-01 22:42:13', 'Jhunjhunun', 29),
(763, 1, '2015-01-01 22:42:13', 'Jodhpur', 29),
(764, 1, '2015-01-01 22:42:13', 'Karauli', 29),
(765, 1, '2015-01-01 22:42:13', 'Kishangarh', 29),
(766, 1, '2015-01-01 22:42:13', 'Kota', 29),
(767, 1, '2015-01-01 22:42:13', 'Kuchaman', 29),
(768, 1, '2015-01-01 22:42:13', 'Ladnun', 29),
(769, 1, '2015-01-01 22:42:13', 'Makrana', 29),
(770, 1, '2015-01-01 22:42:13', 'Nagaur', 29),
(771, 1, '2015-01-01 22:42:13', 'Nawalgarh', 29),
(772, 1, '2015-01-01 22:42:13', 'Nimbahera', 29),
(773, 1, '2015-01-01 22:42:13', 'Nokha', 29),
(774, 1, '2015-01-01 22:42:13', 'Pali', 29),
(775, 1, '2015-01-01 22:42:13', 'Rajsamand', 29),
(776, 1, '2015-01-01 22:42:13', 'Ratangarh', 29),
(777, 1, '2015-01-01 22:42:13', 'Sardarshahr', 29),
(778, 1, '2015-01-01 22:42:13', 'Sawai Madhopur', 29),
(779, 1, '2015-01-01 22:42:13', 'Sikar', 29),
(780, 1, '2015-01-01 22:42:13', 'Sujangarh', 29),
(781, 1, '2015-01-01 22:42:13', 'Suratgarh', 29),
(782, 1, '2015-01-01 22:42:13', 'Tonk', 29),
(783, 1, '2015-01-01 22:42:13', 'Udaipur', 29),
(784, 1, '2015-01-01 22:42:13', 'Alandur', 31),
(785, 1, '2015-01-01 22:42:13', 'Ambattur', 31),
(786, 1, '2015-01-01 22:42:13', 'Ambur', 31),
(787, 1, '2015-01-01 22:42:13', 'Arakonam', 31),
(788, 1, '2015-01-01 22:42:13', 'Arani', 31),
(789, 1, '2015-01-01 22:42:13', 'Aruppukkottai', 31),
(790, 1, '2015-01-01 22:42:13', 'Attur', 31),
(791, 1, '2015-01-01 22:42:13', 'Avadi', 31),
(792, 1, '2015-01-01 22:42:13', 'Avaniapuram', 31),
(793, 1, '2015-01-01 22:42:13', 'Bodinayakkanur', 31),
(794, 1, '2015-01-01 22:42:13', 'Chengalpattu', 31),
(795, 1, '2015-01-01 22:42:13', 'Dharapuram', 31),
(796, 1, '2015-01-01 22:42:13', 'Dharmapuri', 31),
(797, 1, '2015-01-01 22:42:13', 'Dindigul', 31),
(798, 1, '2015-01-01 22:42:13', 'Erode', 31),
(799, 1, '2015-01-01 22:42:13', 'Gopichettipalaiyam', 31),
(800, 1, '2015-01-01 22:42:13', 'Gudalur', 31),
(801, 1, '2015-01-01 22:42:13', 'Gudiyattam', 31),
(802, 1, '2015-01-01 22:42:13', 'Hosur', 31),
(803, 1, '2015-01-01 22:42:13', 'Idappadi', 31),
(804, 1, '2015-01-01 22:42:13', 'Kadayanallur', 31),
(805, 1, '2015-01-01 22:42:13', 'Kambam', 31),
(806, 1, '2015-01-01 22:42:13', 'Kanchipuram', 31),
(807, 1, '2015-01-01 22:42:13', 'Karur', 31),
(808, 1, '2015-01-01 22:42:13', 'Kavundampalaiyam', 31),
(809, 1, '2015-01-01 22:42:13', 'Kovilpatti', 31),
(810, 1, '2015-01-01 22:42:13', 'Koyampattur', 31),
(811, 1, '2015-01-01 22:42:13', 'Krishnagiri', 31),
(812, 1, '2015-01-01 22:42:13', 'Kumarapalaiyam', 31),
(813, 1, '2015-01-01 22:42:13', 'Kumbakonam', 31),
(814, 1, '2015-01-01 22:42:13', 'Kuniyamuthur', 31),
(815, 1, '2015-01-01 22:42:13', 'Kurichi', 31),
(816, 1, '2015-01-01 22:42:13', 'Madhavaram', 31),
(817, 1, '2015-01-01 22:42:13', 'Madras', 31),
(818, 1, '2015-01-01 22:42:13', 'Madurai', 31),
(819, 1, '2015-01-01 22:42:13', 'Maduravoyal', 31),
(820, 1, '2015-01-01 22:42:13', 'Mannargudi', 31),
(821, 1, '2015-01-01 22:42:13', 'Mayiladuthurai', 31),
(822, 1, '2015-01-01 22:42:13', 'Mettupalayam', 31),
(823, 1, '2015-01-01 22:42:13', 'Mettur', 31),
(824, 1, '2015-01-01 22:42:13', 'Nagapattinam', 31),
(825, 1, '2015-01-01 22:42:13', 'Nagercoil', 31),
(826, 1, '2015-01-01 22:42:13', 'Namakkal', 31),
(827, 1, '2015-01-01 22:42:13', 'Nerkunram', 31),
(828, 1, '2015-01-01 22:42:13', 'Neyveli', 31),
(829, 1, '2015-01-01 22:42:13', 'Pallavaram', 31),
(830, 1, '2015-01-01 22:42:13', 'Pammal', 31),
(831, 1, '2015-01-01 22:42:13', 'Pannuratti', 31),
(832, 1, '2015-01-01 22:42:13', 'Paramakkudi', 31),
(833, 1, '2015-01-01 22:42:13', 'Pattukkottai', 31),
(834, 1, '2015-01-01 22:42:13', 'Pollachi', 31),
(835, 1, '2015-01-01 22:42:13', 'Pudukkottai', 31),
(836, 1, '2015-01-01 22:42:13', 'Puliyankudi', 31),
(837, 1, '2015-01-01 22:42:13', 'Punamalli', 31),
(838, 1, '2015-01-01 22:42:13', 'Rajapalaiyam', 31),
(839, 1, '2015-01-01 22:42:13', 'Ramanathapuram', 31),
(840, 1, '2015-01-01 22:42:13', 'Salem', 31),
(841, 1, '2015-01-01 22:42:13', 'Sankarankoil', 31),
(842, 1, '2015-01-01 22:42:13', 'Sivakasi', 31),
(843, 1, '2015-01-01 22:42:13', 'Srivilliputtur', 31),
(844, 1, '2015-01-01 22:42:13', 'Tambaram', 31),
(845, 1, '2015-01-01 22:42:13', 'Tenkasi', 31),
(846, 1, '2015-01-01 22:42:13', 'Thanjavur', 31),
(847, 1, '2015-01-01 22:42:13', 'Theni Allinagaram', 31),
(848, 1, '2015-01-01 22:42:13', 'Thiruthangal', 31),
(849, 1, '2015-01-01 22:42:13', 'Thiruvarur', 31),
(850, 1, '2015-01-01 22:42:13', 'Thuthukkudi', 31),
(851, 1, '2015-01-01 22:42:13', 'Tindivanam', 31),
(852, 1, '2015-01-01 22:42:13', 'Tiruchchirappalli', 31),
(853, 1, '2015-01-01 22:42:13', 'Tiruchengode', 31),
(854, 1, '2015-01-01 22:42:13', 'Tirunelveli', 31),
(855, 1, '2015-01-01 22:42:13', 'Tirupathur', 31),
(856, 1, '2015-01-01 22:42:13', 'Tiruppur', 31),
(857, 1, '2015-01-01 22:42:13', 'Tiruvannamalai', 31),
(858, 1, '2015-01-01 22:42:13', 'Tiruvottiyur', 31),
(859, 1, '2015-01-01 22:42:13', 'Udagamandalam', 31),
(860, 1, '2015-01-01 22:42:13', 'Udumalaipettai', 31),
(861, 1, '2015-01-01 22:42:13', 'Valparai', 31),
(862, 1, '2015-01-01 22:42:13', 'Vaniyambadi', 31),
(863, 1, '2015-01-01 22:42:13', 'Velampalaiyam', 31),
(864, 1, '2015-01-01 22:42:13', 'Velluru', 31),
(865, 1, '2015-01-01 22:42:13', 'Viluppuram', 31),
(866, 1, '2015-01-01 22:42:13', 'Virappanchatram', 31),
(867, 1, '2015-01-01 22:42:13', 'Virudhachalam', 31),
(868, 1, '2015-01-01 22:42:13', 'Virudunagar', 31),
(869, 1, '2015-01-01 22:42:13', 'Agartala', 32),
(870, 1, '2015-01-01 22:42:13', 'Agartala MCl', 32),
(871, 1, '2015-01-01 22:42:13', 'Badharghat', 32),
(872, 1, '2015-01-01 22:42:13', 'Agra', 34),
(873, 1, '2015-01-01 22:42:13', 'Aligarh', 34),
(874, 1, '2015-01-01 22:42:13', 'Allahabad', 34),
(875, 1, '2015-01-01 22:42:13', 'Amroha', 34),
(876, 1, '2015-01-01 22:42:13', 'Aonla', 34),
(877, 1, '2015-01-01 22:42:13', 'Auraiya', 34),
(878, 1, '2015-01-01 22:42:13', 'Ayodhya', 34),
(879, 1, '2015-01-01 22:42:13', 'Azamgarh', 34),
(880, 1, '2015-01-01 22:42:13', 'Baheri', 34),
(881, 1, '2015-01-01 22:42:13', 'Bahraich', 34),
(882, 1, '2015-01-01 22:42:13', 'Ballia', 34),
(883, 1, '2015-01-01 22:42:13', 'Balrampur', 34),
(884, 1, '2015-01-01 22:42:13', 'Banda', 34),
(885, 1, '2015-01-01 22:42:13', 'Baraut', 34),
(886, 1, '2015-01-01 22:42:13', 'Bareli', 34),
(887, 1, '2015-01-01 22:42:13', 'Basti', 34),
(888, 1, '2015-01-01 22:42:13', 'Behta Hajipur', 34),
(889, 1, '2015-01-01 22:42:13', 'Bela', 34),
(890, 1, '2015-01-01 22:42:13', 'Bhadohi', 34),
(891, 1, '2015-01-01 22:42:13', 'Bijnor', 34),
(892, 1, '2015-01-01 22:42:13', 'Bisalpur', 34),
(893, 1, '2015-01-01 22:42:13', 'Biswan', 34),
(894, 1, '2015-01-01 22:42:13', 'Budaun', 34),
(895, 1, '2015-01-01 22:42:13', 'Bulandshahr', 34),
(896, 1, '2015-01-01 22:42:13', 'Chandausi', 34),
(897, 1, '2015-01-01 22:42:13', 'Chandpur', 34),
(898, 1, '2015-01-01 22:42:13', 'Chhibramau', 34),
(899, 1, '2015-01-01 22:42:13', 'Chitrakut Dham', 34),
(900, 1, '2015-01-01 22:42:13', 'Dadri', 34),
(901, 1, '2015-01-01 22:42:13', 'Deoband', 34),
(902, 1, '2015-01-01 22:42:13', 'Deoria', 34),
(903, 1, '2015-01-01 22:42:13', 'Etah', 34),
(904, 1, '2015-01-01 22:42:13', 'Etawah', 34),
(905, 1, '2015-01-01 22:42:13', 'Faizabad', 34),
(906, 1, '2015-01-01 22:42:13', 'Faridpur', 34),
(907, 1, '2015-01-01 22:42:13', 'Farrukhabad', 34),
(908, 1, '2015-01-01 22:42:13', 'Fatehpur', 34),
(909, 1, '2015-01-01 22:42:13', 'Firozabad', 34),
(910, 1, '2015-01-01 22:42:13', 'Gajraula', 34),
(911, 1, '2015-01-01 22:42:13', 'Ganga Ghat', 34),
(912, 1, '2015-01-01 22:42:13', 'Gangoh', 34),
(913, 1, '2015-01-01 22:42:13', 'Ghaziabad', 34),
(914, 1, '2015-01-01 22:42:13', 'Ghazipur', 34),
(915, 1, '2015-01-01 22:42:13', 'Gola Gokarannath', 34),
(916, 1, '2015-01-01 22:42:13', 'Gonda', 34),
(917, 1, '2015-01-01 22:42:13', 'Gorakhpur', 34),
(918, 1, '2015-01-01 22:42:13', 'Hapur', 34),
(919, 1, '2015-01-01 22:42:13', 'Hardoi', 34),
(920, 1, '2015-01-01 22:42:13', 'Hasanpur', 34),
(921, 1, '2015-01-01 22:42:13', 'Hathras', 34),
(922, 1, '2015-01-01 22:42:13', 'Jahangirabad', 34),
(923, 1, '2015-01-01 22:42:13', 'Jalaun', 34),
(924, 1, '2015-01-01 22:42:13', 'Jaunpur', 34),
(925, 1, '2015-01-01 22:42:13', 'Jhansi', 34),
(926, 1, '2015-01-01 22:42:13', 'Kadi', 34),
(927, 1, '2015-01-01 22:42:13', 'Kairana', 34),
(928, 1, '2015-01-01 22:42:13', 'Kannauj', 34),
(929, 1, '2015-01-01 22:42:13', 'Kanpur', 34),
(930, 1, '2015-01-01 22:42:13', 'Kanpur Cantonment', 34),
(931, 1, '2015-01-01 22:42:13', 'Kasganj', 34),
(932, 1, '2015-01-01 22:42:13', 'Khatauli', 34),
(933, 1, '2015-01-01 22:42:13', 'Khora', 34),
(934, 1, '2015-01-01 22:42:13', 'Khurja', 34),
(935, 1, '2015-01-01 22:42:13', 'Kiratpur', 34),
(936, 1, '2015-01-01 22:42:13', 'Kosi Kalan', 34),
(937, 1, '2015-01-01 22:42:13', 'Laharpur', 34),
(938, 1, '2015-01-01 22:42:13', 'Lakhimpur', 34),
(939, 1, '2015-01-01 22:42:13', 'Lakhnau', 34),
(940, 1, '2015-01-01 22:42:13', 'Lakhnau Cantonment', 34),
(941, 1, '2015-01-01 22:42:13', 'Lalitpur', 34),
(942, 1, '2015-01-01 22:42:13', 'Loni', 34),
(943, 1, '2015-01-01 22:42:13', 'Mahoba', 34),
(944, 1, '2015-01-01 22:42:13', 'Mainpuri', 34),
(945, 1, '2015-01-01 22:42:13', 'Mathura', 34),
(946, 1, '2015-01-01 22:42:13', 'Mau', 34),
(947, 1, '2015-01-01 22:42:13', 'Mauranipur', 34),
(948, 1, '2015-01-01 22:42:13', 'Mawana', 34),
(949, 1, '2015-01-01 22:42:13', 'Mirat', 34),
(950, 1, '2015-01-01 22:42:13', 'Mirat Cantonment', 34),
(951, 1, '2015-01-01 22:42:13', 'Mirzapur', 34),
(952, 1, '2015-01-01 22:42:13', 'Modinagar', 34),
(953, 1, '2015-01-01 22:42:13', 'Moradabad', 34),
(954, 1, '2015-01-01 22:42:13', 'Mubarakpur', 34),
(955, 1, '2015-01-01 22:42:13', 'Mughal Sarai', 34),
(956, 1, '2015-01-01 22:42:13', 'Muradnagar', 34),
(957, 1, '2015-01-01 22:42:13', 'Muzaffarnagar', 34),
(958, 1, '2015-01-01 22:42:13', 'Nagina', 34),
(959, 1, '2015-01-01 22:42:13', 'Najibabad', 34),
(960, 1, '2015-01-01 22:42:13', 'Nawabganj', 34),
(961, 1, '2015-01-01 22:42:13', 'Noida', 34),
(962, 1, '2015-01-01 22:42:13', 'Obra', 34),
(963, 1, '2015-01-01 22:42:13', 'Orai', 34),
(964, 1, '2015-01-01 22:42:13', 'Pilibhit', 34),
(965, 1, '2015-01-01 22:42:13', 'Pilkhuwa', 34),
(966, 1, '2015-01-01 22:42:13', 'Rae Bareli', 34),
(967, 1, '2015-01-01 22:42:13', 'Ramgarh Nagla Kothi', 34),
(968, 1, '2015-01-01 22:42:13', 'Rampur', 34),
(969, 1, '2015-01-01 22:42:13', 'Rath', 34),
(970, 1, '2015-01-01 22:42:13', 'Renukut', 34),
(971, 1, '2015-01-01 22:42:13', 'Saharanpur', 34),
(972, 1, '2015-01-01 22:42:13', 'Sahaswan', 34),
(973, 1, '2015-01-01 22:42:13', 'Sambhal', 34),
(974, 1, '2015-01-01 22:42:13', 'Sandila', 34),
(975, 1, '2015-01-01 22:42:13', 'Shahabad', 34),
(976, 1, '2015-01-01 22:42:13', 'Shahjahanpur', 34),
(977, 1, '2015-01-01 22:42:13', 'Shamli', 34),
(978, 1, '2015-01-01 22:42:13', 'Sherkot', 34),
(979, 1, '2015-01-01 22:42:13', 'Shikohabad', 34),
(980, 1, '2015-01-01 22:42:13', 'Sikandarabad', 34),
(981, 1, '2015-01-01 22:42:13', 'Sitapur', 34),
(982, 1, '2015-01-01 22:42:13', 'Sukhmalpur Nizamabad', 34),
(983, 1, '2015-01-01 22:42:13', 'Sultanpur', 34),
(984, 1, '2015-01-01 22:42:13', 'Tanda', 34),
(985, 1, '2015-01-01 22:42:13', 'Tilhar', 34),
(986, 1, '2015-01-01 22:42:13', 'Tundla', 34),
(987, 1, '2015-01-01 22:42:13', 'Ujhani', 34),
(988, 1, '2015-01-01 22:42:13', 'Unnao', 34),
(989, 1, '2015-01-01 22:42:13', 'Varanasi', 34),
(990, 1, '2015-01-01 22:42:13', 'Vrindavan', 34),
(991, 1, '2015-01-01 22:42:13', 'Dehra Dun', 34),
(992, 1, '2015-01-01 22:42:13', 'Dehra Dun Cantonment', 34),
(993, 1, '2015-01-01 22:42:13', 'Gola Range', 34),
(994, 1, '2015-01-01 22:42:13', 'Haldwani', 34),
(995, 1, '2015-01-01 22:42:13', 'Haridwar', 34),
(996, 1, '2015-01-01 22:42:13', 'Kashipur', 34),
(997, 1, '2015-01-01 22:42:13', 'Pithoragarh', 34),
(998, 1, '2015-01-01 22:42:13', 'Rishikesh', 34),
(999, 1, '2015-01-01 22:42:13', 'Rudrapur', 34),
(1000, 1, '2015-01-01 22:42:13', 'Rurki', 34);

-- --------------------------------------------------------

--
-- Table structure for table `tblcompany`
--

CREATE TABLE IF NOT EXISTS `tblcompany` (
  `id` int(11) NOT NULL AUTO_INCREMENT,
  `company_title` varchar(200) COLLATE utf8_unicode_ci NOT NULL,
  `company_addr` text COLLATE utf8_unicode_ci,
  `created_by` int(11) NOT NULL,
  `created_on` timestamp NOT NULL DEFAULT CURRENT_TIMESTAMP,
  PRIMARY KEY (`id`)
) ENGINE=MyISAM  DEFAULT CHARSET=utf8 COLLATE=utf8_unicode_ci AUTO_INCREMENT=7 ;

--
-- Dumping data for table `tblcompany`
--

INSERT INTO `tblcompany` (`id`, `company_title`, `company_addr`, `created_by`, `created_on`) VALUES
(4, 'Console Bros Games LLP', 'Regus Chandigarh ,\r\nIndustrial Area', 1, '2016-08-15 15:35:03');

-- --------------------------------------------------------

--
-- Table structure for table `tbldistrict`
--

CREATE TABLE IF NOT EXISTS `tbldistrict` (
  `id` int(11) NOT NULL AUTO_INCREMENT,
  `state_id` int(11) NOT NULL,
  `district_name` varchar(200) COLLATE utf8_unicode_ci NOT NULL,
  `created_by` int(11) NOT NULL,
  `created_on` timestamp NOT NULL DEFAULT CURRENT_TIMESTAMP,
  PRIMARY KEY (`id`)
) ENGINE=MyISAM  DEFAULT CHARSET=utf8 COLLATE=utf8_unicode_ci AUTO_INCREMENT=27 ;

--
-- Dumping data for table `tbldistrict`
--

INSERT INTO `tbldistrict` (`id`, `state_id`, `district_name`, `created_by`, `created_on`) VALUES
(7, 5, 'Vaishali', 5, '2015-07-08 08:37:57'),
(8, 14, 'Karnal', 5, '2015-07-08 08:37:58'),
(9, 34, 'Ghaziabad', 129, '2015-09-04 17:39:44'),
(10, 34, 'Meerut', 129, '2015-09-04 17:39:45'),
(11, 22, 'Bishnupur', 111, '2015-09-21 17:39:34'),
(12, 22, 'Churachandpur', 111, '2015-09-21 17:39:58'),
(13, 22, 'Chandel', 111, '2015-09-21 17:39:58'),
(14, 22, 'Imphal East', 111, '2015-09-21 17:39:58'),
(15, 22, 'Senapati', 111, '2015-09-21 17:39:58'),
(16, 22, 'Tamenglong', 111, '2015-09-21 17:39:59'),
(17, 22, 'Thoubal', 111, '2015-09-21 17:39:59'),
(18, 22, 'Ukhrul', 111, '2015-09-21 17:39:59'),
(19, 22, 'Imphal West', 111, '2015-09-21 17:39:59'),
(20, 34, 'Gzb2', 129, '2015-09-21 09:39:17'),
(21, 34, 'Test My Block District', 5, '2015-10-27 11:44:45'),
(22, 34, 'Mainpuri', 5, '2015-11-05 17:19:16'),
(24, 13, 'Simla', 1, '2016-08-15 19:06:12');

-- --------------------------------------------------------

--
-- Table structure for table `tblquestions`
--

CREATE TABLE IF NOT EXISTS `tblquestions` (
  `id` int(11) NOT NULL AUTO_INCREMENT,
  `question` text COLLATE utf8_unicode_ci NOT NULL,
  `survey_id` int(11) NOT NULL,
  `isoptional` enum('y','n') COLLATE utf8_unicode_ci DEFAULT NULL,
  `created_on` timestamp NOT NULL DEFAULT CURRENT_TIMESTAMP,
  `created_by` int(11) NOT NULL,
  PRIMARY KEY (`id`)
) ENGINE=MyISAM DEFAULT CHARSET=utf8 COLLATE=utf8_unicode_ci AUTO_INCREMENT=1 ;

-- --------------------------------------------------------

--
-- Table structure for table `tblrespondant`
--

CREATE TABLE IF NOT EXISTS `tblrespondant` (
  `id` int(11) NOT NULL AUTO_INCREMENT,
  `fullname` varchar(255) COLLATE utf8_unicode_ci DEFAULT NULL,
  `mobileid` varchar(20) COLLATE utf8_unicode_ci NOT NULL,
  `address` text COLLATE utf8_unicode_ci,
  `pincode` varchar(9) COLLATE utf8_unicode_ci NOT NULL,
  `pic` varchar(50) COLLATE utf8_unicode_ci DEFAULT NULL,
  `latitude` varchar(10) COLLATE utf8_unicode_ci DEFAULT NULL,
  `longitude` varchar(10) COLLATE utf8_unicode_ci DEFAULT NULL,
  `surveyid` int(11) NOT NULL,
  `userid` int(11) NOT NULL,
  `dateofsurvey` timestamp NOT NULL DEFAULT CURRENT_TIMESTAMP,
  PRIMARY KEY (`id`)
) ENGINE=MyISAM DEFAULT CHARSET=utf8 COLLATE=utf8_unicode_ci AUTO_INCREMENT=1 ;

-- --------------------------------------------------------

--
-- Table structure for table `tblstate`
--

CREATE TABLE IF NOT EXISTS `tblstate` (
  `id` int(10) unsigned NOT NULL AUTO_INCREMENT,
  `State` varchar(200) COLLATE utf8_unicode_ci NOT NULL,
  `CountryID` int(11) NOT NULL,
  `CreatedBy` int(11) NOT NULL,
  `CreatedOn` timestamp NOT NULL DEFAULT CURRENT_TIMESTAMP,
  PRIMARY KEY (`id`)
) ENGINE=MyISAM  DEFAULT CHARSET=utf8 COLLATE=utf8_unicode_ci AUTO_INCREMENT=36 ;

--
-- Dumping data for table `tblstate`
--

INSERT INTO `tblstate` (`id`, `State`, `CountryID`, `CreatedBy`, `CreatedOn`) VALUES
(1, 'ANDAMAN AND NICOBAR ISLANDS', 95, 2147483647, '0000-00-00 00:00:00'),
(2, 'ANDHRA PRADESH', 95, 2147483647, '0000-00-00 00:00:00'),
(3, 'ARUNACHAL PRADESH', 95, 2147483647, '0000-00-00 00:00:00'),
(4, 'ASSAM', 95, 2147483647, '0000-00-00 00:00:00'),
(5, 'BIHAR', 95, 2147483647, '0000-00-00 00:00:00'),
(6, 'CHATTISGARH', 95, 2147483647, '0000-00-00 00:00:00'),
(7, 'CHANDIGARH', 95, 2147483647, '0000-00-00 00:00:00'),
(8, 'DAMAN AND DIU', 95, 2147483647, '0000-00-00 00:00:00'),
(9, 'DELHI', 95, 2147483647, '0000-00-00 00:00:00'),
(10, 'DADRA AND NAGAR HAVELI', 95, 2147483647, '0000-00-00 00:00:00'),
(11, 'GOA', 95, 2147483647, '0000-00-00 00:00:00'),
(12, 'GUJARAT', 95, 2147483647, '0000-00-00 00:00:00'),
(13, 'HIMACHAL PRADESH', 95, 2147483647, '0000-00-00 00:00:00'),
(14, 'HARYANA', 95, 2147483647, '0000-00-00 00:00:00'),
(15, 'JAMMU AND KASHMIR', 95, 2147483647, '0000-00-00 00:00:00'),
(16, 'JHARKHAND', 95, 2147483647, '0000-00-00 00:00:00'),
(17, 'KERALA', 95, 2147483647, '0000-00-00 00:00:00'),
(18, 'KARNATAKA', 95, 2147483647, '0000-00-00 00:00:00'),
(19, 'LAKSHADWEEP', 95, 2147483647, '0000-00-00 00:00:00'),
(20, 'MEGHALAYA', 95, 2147483647, '0000-00-00 00:00:00'),
(21, 'MAHARASHTRA', 95, 2147483647, '0000-00-00 00:00:00'),
(22, 'MANIPUR', 95, 2147483647, '0000-00-00 00:00:00'),
(23, 'MADHYA PRADESH', 95, 2147483647, '0000-00-00 00:00:00'),
(24, 'MIZORAM', 95, 2147483647, '0000-00-00 00:00:00'),
(25, 'NAGALAND', 95, 2147483647, '0000-00-00 00:00:00'),
(26, 'ORISSA', 95, 2147483647, '0000-00-00 00:00:00'),
(27, 'PUNJAB', 95, 2147483647, '0000-00-00 00:00:00'),
(28, 'PONDICHERRY', 95, 2147483647, '0000-00-00 00:00:00'),
(29, 'RAJASTHAN', 95, 2147483647, '0000-00-00 00:00:00'),
(30, 'SIKKIM', 95, 2147483647, '0000-00-00 00:00:00'),
(31, 'TAMIL NADU', 95, 2147483647, '0000-00-00 00:00:00'),
(32, 'TRIPURA', 95, 2147483647, '0000-00-00 00:00:00'),
(33, 'UTTARAKHAND', 95, 2147483647, '0000-00-00 00:00:00'),
(34, 'UTTAR PRADESH', 95, 2147483647, '0000-00-00 00:00:00'),
(35, 'WEST BENGAL', 95, 2147483647, '0000-00-00 00:00:00');

-- --------------------------------------------------------

--
-- Table structure for table `tblsurvey`
--

CREATE TABLE IF NOT EXISTS `tblsurvey` (
  `id` int(11) NOT NULL AUTO_INCREMENT,
  `title` varchar(255) COLLATE utf8_unicode_ci NOT NULL,
  `description` text COLLATE utf8_unicode_ci,
  `keywords` text COLLATE utf8_unicode_ci,
  `created_on` timestamp NOT NULL DEFAULT CURRENT_TIMESTAMP,
  `created_by` int(11) NOT NULL,
  PRIMARY KEY (`id`)
) ENGINE=MyISAM DEFAULT CHARSET=utf8 COLLATE=utf8_unicode_ci AUTO_INCREMENT=1 ;

-- --------------------------------------------------------

--
-- Table structure for table `tbluom`
--

CREATE TABLE IF NOT EXISTS `tbluom` (
  `id` int(11) NOT NULL AUTO_INCREMENT,
  `state_id` int(11) NOT NULL,
  `uom1_text` varchar(100) COLLATE utf8_unicode_ci NOT NULL,
  `uom1_value` decimal(10,2) NOT NULL,
  `uom2_text` varchar(100) COLLATE utf8_unicode_ci NOT NULL,
  `uom2_value` decimal(10,2) NOT NULL,
  `created_by` int(11) NOT NULL,
  `created_on` timestamp NOT NULL DEFAULT CURRENT_TIMESTAMP,
  PRIMARY KEY (`id`),
  UNIQUE KEY `id_key_s_u1_u2` (`state_id`,`uom1_text`,`uom2_text`)
) ENGINE=MyISAM  DEFAULT CHARSET=utf8 COLLATE=utf8_unicode_ci AUTO_INCREMENT=9 ;

--
-- Dumping data for table `tbluom`
--

INSERT INTO `tbluom` (`id`, `state_id`, `uom1_text`, `uom1_value`, `uom2_text`, `uom2_value`, `created_by`, `created_on`) VALUES
(8, 13, 'Killa', '2.50', 'Hectare', '0.40', 1, '2016-08-15 14:57:52');

-- --------------------------------------------------------

--
-- Table structure for table `tbluserdetails`
--

CREATE TABLE IF NOT EXISTS `tbluserdetails` (
  `id` int(11) NOT NULL AUTO_INCREMENT,
  `userid` int(11) NOT NULL,
  `fullname` varchar(200) COLLATE utf8_unicode_ci NOT NULL,
  `gender` enum('M','F') COLLATE utf8_unicode_ci NOT NULL DEFAULT 'M',
  `dob` date DEFAULT NULL,
  `mobile` text COLLATE utf8_unicode_ci NOT NULL,
  `address` text COLLATE utf8_unicode_ci,
  `cityid` int(11) NOT NULL DEFAULT '1',
  `stateid` int(11) NOT NULL DEFAULT '1',
  `pincode` varchar(8) COLLATE utf8_unicode_ci NOT NULL DEFAULT '111111',
  PRIMARY KEY (`id`),
  UNIQUE KEY `userid` (`userid`)
) ENGINE=MyISAM  DEFAULT CHARSET=utf8 COLLATE=utf8_unicode_ci AUTO_INCREMENT=9 ;

--
-- Dumping data for table `tbluserdetails`
--

INSERT INTO `tbluserdetails` (`id`, `userid`, `fullname`, `gender`, `dob`, `mobile`, `address`, `cityid`, `stateid`, `pincode`) VALUES
(4, 3, 'Rohit Kaundal', 'M', '2016-08-10', '919816483986', 'Penta Homes, VIP Road, Zirakpur', 261, 27, '171002'),
(6, 5, 'Kiran Manhas', 'F', '1970-01-01', '917508409206', 'Baribrahmna', 399, 15, '140603'),
(7, 6, 'Arshia Sahota', 'F', '1986-05-20', '911234567899', 'Sector 34C', 261, 7, '120673'),
(8, 7, 'Test User', 'F', '2016-08-31', '346273923849', 'xxxx', 1, 28, '111111');

-- --------------------------------------------------------

--
-- Table structure for table `tbluserlogin`
--

CREATE TABLE IF NOT EXISTS `tbluserlogin` (
  `id` int(11) NOT NULL AUTO_INCREMENT,
  `user_email` varchar(255) COLLATE utf8_unicode_ci NOT NULL,
  `user_roleid` int(11) NOT NULL,
  `user_password` text COLLATE utf8_unicode_ci NOT NULL,
  `created_on` timestamp NOT NULL DEFAULT CURRENT_TIMESTAMP,
  `created_by` int(11) NOT NULL,
  `last_login` timestamp NULL DEFAULT NULL,
  PRIMARY KEY (`id`)
) ENGINE=MyISAM  DEFAULT CHARSET=utf8 COLLATE=utf8_unicode_ci AUTO_INCREMENT=8 ;

--
-- Dumping data for table `tbluserlogin`
--

INSERT INTO `tbluserlogin` (`id`, `user_email`, `user_roleid`, `user_password`, `created_on`, `created_by`, `last_login`) VALUES
(3, 'kaundal.rohit@gmail.com', 1, '202cb962ac59075b964b07152d234b70', '2016-08-09 19:20:17', 1, '2016-08-09 19:20:17'),
(5, 'kiran', 1, '6512bd43d9caa6e02c990b0a82652dca', '2016-08-10 19:06:59', 1, '2016-08-10 19:06:59'),
(6, 'rkaundal', 1, '698d51a19d8a121ce581499d7b701668', '2016-08-10 14:49:31', 1, '2016-08-24 16:30:36'),
(7, 'testuser', 1, '2d235ace000a3ad85f590e321c89bb99', '2016-08-24 17:07:23', 1, NULL);

-- --------------------------------------------------------

--
-- Table structure for table `tbluserrole`
--

CREATE TABLE IF NOT EXISTS `tbluserrole` (
  `role_id` int(11) NOT NULL AUTO_INCREMENT,
  `role_title` varchar(30) COLLATE utf8_unicode_ci NOT NULL,
  `role_desc` text COLLATE utf8_unicode_ci,
  `created_on` timestamp NOT NULL DEFAULT CURRENT_TIMESTAMP,
  `created_by` int(11) NOT NULL,
  PRIMARY KEY (`role_id`)
) ENGINE=MyISAM  DEFAULT CHARSET=utf8 COLLATE=utf8_unicode_ci AUTO_INCREMENT=7 ;

--
-- Dumping data for table `tbluserrole`
--

INSERT INTO `tbluserrole` (`role_id`, `role_title`, `role_desc`, `created_on`, `created_by`) VALUES
(1, 'Admin', 'Administrator of portal', '2016-08-08 12:25:35', 1),
(2, 'Agents', 'Agents of the portal', '2016-08-08 12:26:49', 1),
(5, 'Loyality Manager', 'Manager of dashboard', '2016-08-16 19:38:53', 1),
(6, 'Survey Manager', 'Survey manager for portal', '2016-08-16 19:39:10', 1);

-- --------------------------------------------------------

--
-- Table structure for table `tblvotes`
--

CREATE TABLE IF NOT EXISTS `tblvotes` (
  `id` int(11) NOT NULL AUTO_INCREMENT,
  `questionid` int(11) NOT NULL,
  `answerid` int(11) NOT NULL,
  `respondantind` int(11) NOT NULL,
  `surveyid` int(11) NOT NULL,
  `votedon` timestamp NOT NULL DEFAULT CURRENT_TIMESTAMP,
  PRIMARY KEY (`id`)
) ENGINE=MyISAM DEFAULT CHARSET=utf8 COLLATE=utf8_unicode_ci AUTO_INCREMENT=1 ;

/*!40101 SET CHARACTER_SET_CLIENT=@OLD_CHARACTER_SET_CLIENT */;
/*!40101 SET CHARACTER_SET_RESULTS=@OLD_CHARACTER_SET_RESULTS */;
/*!40101 SET COLLATION_CONNECTION=@OLD_COLLATION_CONNECTION */;
