{
  "name": "form name",
  "description": "description",
  "pages": [
    {
      "id": "16062797c1e9a92a9dbaae5e9ce17d6c",
      "number": 1,
      "name": null,
      "description": null,
      "pageFlow": {
        "nextPage": true,
        "label": "mwForm.pageFlow.goToNextPage"
      },
      "elements": [
        {
          "id": "e30d62038bb2becbe76cb144dc37472e",
          "orderNo": 1,
          "type": "question",
          "question": {
            "id": "e2473fd90ef36ab5bae5f0a33cf01ea3",
            "text": "Enter a number 0-100",
            "type": "number",
            "required": true,
            "pageFlowModifier": false,
            "min": 0,
            "max": 100
          }
        },
        {
          "id": "3d6c0026132b6aa22f3da1922862b33e",
          "orderNo": 2,
          "type": "question",
          "question": {
            "id": "17079f62650f74b378b1436aefbba299",
            "text": "What is your name?",
            "type": "text",
            "required": true,
            "pageFlowModifier": false
          }
        },
        {
          "id": "29f66f70cfb6b48b55cdec00c1afbad4",
          "orderNo": 3,
          "type": "question",
          "question": {
            "id": "4775dc2cbdc8da2e63811caf9bac33f5",
            "text": "What is your Birthday?",
            "type": "date",
            "required": true,
            "pageFlowModifier": false
          }
        },
        {
          "id": "02c00717cb929fb788634ee0d86d8bbb",
          "orderNo": 4,
          "type": "question",
          "question": {
            "id": "671fd9130b1e7ead23dd2e90555474c9",
            "text": "What time do you wake up?",
            "type": "time",
            "required": true,
            "pageFlowModifier": false
          }
        },
        {
          "id": "11ac9c831ca3adc019905564da1036db",
          "orderNo": 5,
          "type": "question",
          "question": {
            "id": "67e855cec05b1c93ff57d376d798ec45",
            "text": "What is your email?",
            "type": "email",
            "required": true,
            "pageFlowModifier": false
          }
        },
        {
          "id": "1f21b81c070c13d350ed2237b397172a",
          "orderNo": 6,
          "type": "question",
          "question": {
            "id": "a333d8d16ee02341e72eb94629abfd98",
            "text": "Enter a number 0-100",
            "type": "range",
            "required": true,
            "pageFlowModifier": false,
            "min": 0,
            "max": 100
          }
        },
        {
          "id": "ba965ceba420a87139c9d1719cf76f6c",
          "orderNo": 7,
          "type": "question",
          "question": {
            "id": "15c42f5d490d68abf3c48e790ed508d6",
            "text": "What is your homepage?",
            "type": "url",
            "required": true,
            "pageFlowModifier": false
          }
        },
        {
          "id": "b0c2a905c103455f285fd68cdf1100ff",
          "orderNo": 8,
          "type": "question",
          "question": {
            "id": "4c39312a94e066a856a195753832de05",
            "text": "Describe your favorite food",
            "type": "textarea",
            "required": true,
            "pageFlowModifier": false
          }
        },
        {
          "id": "e0a45a061f022e7785e2e600158904b3",
          "orderNo": 9,
          "type": "question",
          "question": {
            "id": "b6f584afe412f506eb56e922d84322e5",
            "text": "What is your favorite time of day?",
            "type": "grid",
            "required": true,
            "grid": {
              "rows": [
                {
                  "id": "36683a4385337df9ab6b580207272b5b",
                  "orderNo": 1,
                  "label": "Weekend"
                },
                {
                  "id": "a5b1523d67c878e149d86f0ffe4bbc1b",
                  "orderNo": 2,
                  "label": "Weekday"
                }
              ],
              "cols": [
                {
                  "id": "223bbfa4fecc0900f21c8a79ead634a2",
                  "orderNo": 1,
                  "label": "Morning"
                },
                {
                  "id": "1f1b13a99fa798fc5deedb1238e0d92c",
                  "orderNo": 2,
                  "label": "Night"
                }
              ]
            },
            "pageFlowModifier": false
          }
        },
        {
          "id": "617c8334bebadd2ccc1397185838aba3",
          "orderNo": 10,
          "type": "question",
          "question": {
            "id": "3643ebd79db7a48115058b5ce75a74c8",
            "text": "What is more important?",
            "type": "priority",
            "required": true,
            "priorityList": [
              {
                "id": "3424ad4e994547d0a251f7135df35306",
                "orderNo": 1,
                "value": "Food"
              },
              {
                "id": "68ce06f38d686faaa56b63b9d24d2a86",
                "orderNo": 2,
                "value": "Water"
              }
            ],
            "pageFlowModifier": false
          }
        },
        {
          "id": "2ce584fc08829f270a55e2b957b072c1",
          "orderNo": 11,
          "type": "question",
          "question": {
            "id": "be2f2711c2c5f869fa636fde360a9455",
            "text": "Do you like your computer?",
            "type": "radio",
            "required": true,
            "offeredAnswers": [
              {
                "id": "589eabfe8af7673375f137eca83f194d",
                "orderNo": 2,
                "value": "No",
                "pageFlow": {
                  "nextPage": true,
                  "label": "mwForm.pageFlow.goToNextPage"
                }
              },
              {
                "id": "e2b88bc85951622b3b59901a77678255",
                "orderNo": 2,
                "value": "Yes",
                "pageFlow": {
                  "nextPage": true,
                  "label": "mwForm.pageFlow.goToNextPage"
                }
              }
            ]
          }
        },
        {
          "id": "e57dcdafc7b6a4f49d15869374ad0a2e",
          "orderNo": 12,
          "type": "question",
          "question": {
            "id": "719ef4f8afc21bf07ecfcd81b077d7b0",
            "text": "What animal would you keep as a pet?",
            "type": "checkbox",
            "required": true,
            "offeredAnswers": [
              {
                "id": "451cfffbb07ab6f201a08e3be739d534",
                "orderNo": 1,
                "value": "Cat",
                "pageFlow": {
                  "nextPage": true,
                  "label": "mwForm.pageFlow.goToNextPage"
                }
              },
              {
                "id": "992d824c43e4032b297a959bb2b0e925",
                "orderNo": 2,
                "value": "Dog",
                "pageFlow": {
                  "nextPage": true,
                  "label": "mwForm.pageFlow.goToNextPage"
                }
              },
              {
                "id": "c2a18d282713ea602f31073626f15ed5",
                "orderNo": 3,
                "value": "Cow",
                "pageFlow": {
                  "nextPage": true,
                  "label": "mwForm.pageFlow.goToNextPage"
                }
              }
            ],
            "pageFlowModifier": false,
            "otherAnswer": true
          }
        },
        {
          "id": "f24eae2eee292456ad41c0ee6d5322a5",
          "orderNo": 13,
          "type": "paragraph",
          "paragraph": {
            "id": "725240f307c6091116b698c3ec97aa2b",
            "html": "Lorem ipsum dolor sit amet, consectetur adipiscing elit. Nullam quis nunc quis nisi lacinia commodo quis in urna. Maecenas dictum urna eget fringilla vehicula. Morbi congue id dolor vel volutpat. Aenean suscipit lectus velit, eget eleifend massa pretium quis. Cras quis pharetra nulla. Proin porttitor fermentum est, eu aliquam velit porttitor quis. Sed non bibendum odio, a pellentesque neque. Donec eu lectus vitae nisl ornare aliquet. Donec ornare felis non elit malesuada tincidunt. Praesent ipsum augue, venenatis in auctor vel, aliquet et augue. Ut efficitur elit eu elit fringilla, imperdiet suscipit libero consequat. Ut in metus libero. Nullam vestibulum, augue nec varius elementum, erat orci iaculis neque, quis varius ante leo eu lectus. Vestibulum eget ante enim. Nulla lobortis, felis sed mattis posuere, urna leo pharetra mi, ut elementum augue erat sed odio. In mattis, orci nec maximus fermentum, tellus lacus porta purus, sed scelerisque massa justo id nunc."
          }
        },
        {
          "id": "791597697a9bfda41264a79dfc3865df",
          "orderNo": 14,
          "type": "image",
          "image": {
            "id": "22c56ce862e63ce07f74ddbe50fd446f",
            "align": "left",
            "src": "lena.gif"
          }
        },
        {
          "id": "bc898f0149fe91c7afb5dabbb7c41a4b",
          "orderNo": 15,
          "type": "question",
          "question": {
            "id": "bcaf100bc048236e2939fe71cae38fb3",
            "text": "How do you spend your time?",
            "type": "division",
            "required": true,
            "divisionList": [
              {
                "id": "beddb9695d2b814d859ace81c26a58c7",
                "orderNo": 1,
                "value": "Awake"
              },
              {
                "id": "2699c939c2b1596030a6aba4edbbdafb",
                "orderNo": 2,
                "value": "Asleep"
              }
            ],
            "pageFlowModifier": false,
            "quantity": 100,
            "unit": "%"
          }
        },
        {
          "id": "71bf4665af4980cc5ee093ec9f561ed1",
          "orderNo": 16,
          "type": "question",
          "question": {
            "id": "4ec4b0f4267b38ac4a15c0fde0121a57",
            "text": "Select",
            "type": "select",
            "required": true,
            "offeredAnswers": [
              {
                "id": "9e70c289904bdc73a5a035bf078030e4",
                "orderNo": 1,
                "value": "aaaaaaaaaaaaaaa",
                "pageFlow": {
                  "nextPage": true,
                  "label": "mwForm.pageFlow.goToNextPage"
                }
              },
              {
                "id": "f3f2f089ce2bc01041db8dc7048630c9",
                "orderNo": 2,
                "value": "bbbbbbbbbbb",
                "pageFlow": {
                  "nextPage": true,
                  "label": "mwForm.pageFlow.goToNextPage"
                }
              },
              {
                "id": "90af60470f0d550b1ba27b8b5b0c4383",
                "orderNo": 3,
                "value": "cccccccccccccc",
                "pageFlow": {
                  "nextPage": true,
                  "label": "mwForm.pageFlow.goToNextPage"
                }
              }
            ],
            "pageFlowModifier": false
          }
        }
      ],
      "namedPage": false,
      "isFirst": true,
      "isLast": true
    }
  ]
}
